,timestamp,Open,High,Low,Close,Volume
0,2016-07-01 00:00:00,0.0,0.0,0.0,520.3,0.0
1,2016-07-04 00:00:00,0.0,0.0,0.0,531.05,0.0
2,2016-07-05 00:00:00,0.0,0.0,0.0,517.5,0.0
3,2016-07-07 00:00:00,0.0,0.0,0.0,506.2,0.0
4,2016-07-08 00:00:00,0.0,0.0,0.0,502.5,0.0
5,2016-07-11 00:00:00,0.0,0.0,0.0,503.4,0.0
6,2016-07-12 00:00:00,0.0,0.0,0.0,496.75,0.0
7,2016-07-13 00:00:00,0.0,0.0,0.0,500.25,0.0
8,2016-07-14 00:00:00,0.0,0.0,0.0,506.55,0.0
9,2016-07-15 00:00:00,0.0,0.0,0.0,506.8,0.0
10,2016-07-18 00:00:00,0.0,0.0,0.0,509.9,0.0
11,2016-07-19 00:00:00,0.0,0.0,0.0,509.45,0.0
12,2016-07-20 00:00:00,0.0,0.0,0.0,510.1,0.0
13,2016-07-21 00:00:00,0.0,0.0,0.0,503.9,0.0
14,2016-07-22 00:00:00,0.0,0.0,0.0,508.1,0.0
15,2016-07-25 00:00:00,0.0,0.0,0.0,504.55,0.0
16,2016-07-26 00:00:00,0.0,0.0,0.0,499.4,0.0
17,2016-07-27 00:00:00,0.0,0.0,0.0,498.0,0.0
18,2016-07-28 00:00:00,0.0,0.0,0.0,506.35,0.0
19,2016-07-29 00:00:00,0.0,0.0,0.0,508.8,0.0
20,2016-08-01 00:00:00,0.0,0.0,0.0,512.35,0.0
21,2016-08-02 00:00:00,0.0,0.0,0.0,519.4,0.0
22,2016-08-03 00:00:00,0.0,0.0,0.0,511.35,0.0
23,2016-08-04 00:00:00,0.0,0.0,0.0,517.0,0.0
24,2016-08-05 00:00:00,0.0,0.0,0.0,519.55,0.0
25,2016-08-08 00:00:00,0.0,0.0,0.0,530.3,0.0
26,2016-08-09 00:00:00,0.0,0.0,0.0,540.3,0.0
27,2016-08-10 00:00:00,0.0,0.0,0.0,535.1,0.0
28,2016-08-11 00:00:00,0.0,0.0,0.0,532.5,0.0
29,2016-08-12 00:00:00,0.0,0.0,0.0,536.85,0.0
30,2016-08-16 00:00:00,0.0,0.0,0.0,537.1,0.0
31,2016-08-17 00:00:00,0.0,0.0,0.0,549.35,0.0
32,2016-08-18 00:00:00,0.0,0.0,0.0,570.9,0.0
33,2016-08-19 00:00:00,0.0,0.0,0.0,577.35,0.0
34,2016-08-22 00:00:00,0.0,0.0,0.0,591.55,0.0
35,2016-08-23 00:00:00,0.0,0.0,0.0,580.45,0.0
36,2016-08-24 00:00:00,0.0,0.0,0.0,595.9,0.0
37,2016-08-25 00:00:00,0.0,0.0,0.0,586.75,0.0
38,2016-08-26 00:00:00,0.0,0.0,0.0,596.3,0.0
39,2016-08-29 00:00:00,0.0,0.0,0.0,613.9,0.0
40,2016-08-30 00:00:00,0.0,0.0,0.0,641.85,0.0
41,2016-08-31 00:00:00,0.0,0.0,0.0,652.25,0.0
42,2016-09-01 00:00:00,0.0,0.0,0.0,636.15,0.0
43,2016-09-02 00:00:00,0.0,0.0,0.0,635.3,0.0
44,2016-09-06 00:00:00,0.0,0.0,0.0,651.85,0.0
45,2016-09-07 00:00:00,0.0,0.0,0.0,647.0,0.0
46,2016-09-08 00:00:00,0.0,0.0,0.0,649.35,0.0
47,2016-09-09 00:00:00,0.0,0.0,0.0,643.7,0.0
48,2016-09-12 00:00:00,0.0,0.0,0.0,619.95,0.0
49,2016-09-14 00:00:00,0.0,0.0,0.0,631.35,0.0
50,2016-09-15 00:00:00,0.0,0.0,0.0,609.95,0.0
51,2016-09-16 00:00:00,0.0,0.0,0.0,605.65,0.0
52,2016-09-19 00:00:00,0.0,0.0,0.0,607.9,0.0
53,2016-09-20 00:00:00,0.0,0.0,0.0,602.7,0.0
54,2016-09-21 00:00:00,0.0,0.0,0.0,602.95,0.0
55,2016-09-22 00:00:00,0.0,0.0,0.0,613.8,0.0
56,2016-09-23 00:00:00,0.0,0.0,0.0,619.9,0.0
57,2016-09-26 00:00:00,0.0,0.0,0.0,622.05,0.0
58,2016-09-27 00:00:00,0.0,0.0,0.0,634.8,0.0
59,2016-09-28 00:00:00,0.0,0.0,0.0,661.6,0.0
60,2016-09-29 00:00:00,0.0,0.0,0.0,647.2,0.0
61,2016-09-30 00:00:00,0.0,0.0,0.0,660.15,0.0
62,2016-10-03 00:00:00,0.0,0.0,0.0,669.5,0.0
63,2016-10-04 00:00:00,0.0,0.0,0.0,722.05,0.0
64,2016-10-05 00:00:00,0.0,0.0,0.0,698.45,0.0
65,2016-10-06 00:00:00,0.0,0.0,0.0,698.7,0.0
66,2016-10-07 00:00:00,0.0,0.0,0.0,703.2,0.0
67,2016-10-10 00:00:00,0.0,0.0,0.0,716.9,0.0
68,2016-10-13 00:00:00,0.0,0.0,0.0,691.35,0.0
69,2016-10-14 00:00:00,0.0,0.0,0.0,725.15,0.0
70,2016-10-17 00:00:00,0.0,0.0,0.0,758.85,0.0
71,2016-10-18 00:00:00,0.0,0.0,0.0,755.5,0.0
72,2016-10-19 00:00:00,0.0,0.0,0.0,760.3,0.0
73,2016-10-20 00:00:00,0.0,0.0,0.0,759.1,0.0
74,2016-10-21 00:00:00,0.0,0.0,0.0,789.5,0.0
75,2016-10-24 00:00:00,0.0,0.0,0.0,791.15,0.0
76,2016-10-25 00:00:00,0.0,0.0,0.0,769.1,0.0
77,2016-10-26 00:00:00,0.0,0.0,0.0,764.7,0.0
78,2016-10-27 00:00:00,0.0,0.0,0.0,752.85,0.0
79,2016-10-28 00:00:00,0.0,0.0,0.0,759.8,0.0
80,2016-10-30 00:00:00,0.0,0.0,0.0,767.65,0.0
81,2016-11-01 00:00:00,0.0,0.0,0.0,774.5,0.0
82,2016-11-02 00:00:00,0.0,0.0,0.0,758.2,0.0
83,2016-11-03 00:00:00,0.0,0.0,0.0,755.6,0.0
84,2016-11-04 00:00:00,0.0,0.0,0.0,719.35,0.0
85,2016-11-07 00:00:00,0.0,0.0,0.0,708.85,0.0
86,2016-11-08 00:00:00,0.0,0.0,0.0,715.4,0.0
87,2016-11-09 00:00:00,0.0,0.0,0.0,728.4,0.0
88,2016-11-10 00:00:00,0.0,0.0,0.0,747.5,0.0
89,2016-11-11 00:00:00,0.0,0.0,0.0,747.3,0.0
90,2016-11-15 00:00:00,0.0,0.0,0.0,744.35,0.0
91,2016-11-16 00:00:00,0.0,0.0,0.0,733.6,0.0
92,2016-11-17 00:00:00,0.0,0.0,0.0,770.4,0.0
93,2016-11-18 00:00:00,0.0,0.0,0.0,748.9,0.0
94,2016-11-21 00:00:00,0.0,0.0,0.0,741.0,0.0
95,2016-11-22 00:00:00,0.0,0.0,0.0,736.75,0.0
96,2016-11-23 00:00:00,0.0,0.0,0.0,730.9,0.0
97,2016-11-24 00:00:00,0.0,0.0,0.0,735.7,0.0
98,2016-11-25 00:00:00,0.0,0.0,0.0,770.55,0.0
99,2016-11-28 00:00:00,0.0,0.0,0.0,771.1,0.0
100,2016-11-29 00:00:00,0.0,0.0,0.0,778.25,0.0
101,2016-11-30 00:00:00,0.0,0.0,0.0,769.15,0.0
102,2016-12-01 00:00:00,0.0,0.0,0.0,746.55,0.0
103,2016-12-02 00:00:00,0.0,0.0,0.0,734.25,0.0
104,2016-12-05 00:00:00,0.0,0.0,0.0,743.6,0.0
105,2016-12-06 00:00:00,0.0,0.0,0.0,751.2,0.0
106,2016-12-07 00:00:00,0.0,0.0,0.0,745.95,0.0
107,2016-12-08 00:00:00,0.0,0.0,0.0,750.05,0.0
108,2016-12-09 00:00:00,0.0,0.0,0.0,754.25,0.0
109,2016-12-12 00:00:00,0.0,0.0,0.0,746.95,0.0
110,2016-12-13 00:00:00,0.0,0.0,0.0,760.4,0.0
111,2016-12-14 00:00:00,0.0,0.0,0.0,751.25,0.0
112,2016-12-15 00:00:00,0.0,0.0,0.0,763.25,0.0
113,2016-12-16 00:00:00,0.0,0.0,0.0,784.2,0.0
114,2016-12-19 00:00:00,0.0,0.0,0.0,782.65,0.0
115,2016-12-20 00:00:00,0.0,0.0,0.0,784.75,0.0
116,2016-12-21 00:00:00,0.0,0.0,0.0,777.1,0.0
117,2016-12-22 00:00:00,0.0,0.0,0.0,769.55,0.0
118,2016-12-23 00:00:00,0.0,0.0,0.0,763.85,0.0
119,2016-12-26 00:00:00,0.0,0.0,0.0,776.75,0.0
120,2016-12-27 00:00:00,0.0,0.0,0.0,773.4,0.0
121,2016-12-28 00:00:00,0.0,0.0,0.0,775.95,0.0
122,2016-12-29 00:00:00,0.0,0.0,0.0,783.2,0.0
123,2016-12-30 00:00:00,0.0,0.0,0.0,787.85,0.0
124,2017-01-02 00:00:00,0.0,0.0,0.0,803.95,0.0
125,2017-01-03 00:00:00,0.0,0.0,0.0,822.7,0.0
126,2017-01-04 00:00:00,0.0,0.0,0.0,840.25,0.0
127,2017-01-05 00:00:00,0.0,0.0,0.0,851.6,0.0
128,2017-01-06 00:00:00,0.0,0.0,0.0,840.85,0.0
129,2017-01-09 00:00:00,0.0,0.0,0.0,848.2,0.0
130,2017-01-10 00:00:00,0.0,0.0,0.0,842.85,0.0
131,2017-01-11 00:00:00,0.0,0.0,0.0,844.05,0.0
132,2017-01-12 00:00:00,0.0,0.0,0.0,840.8,0.0
133,2017-01-13 00:00:00,0.0,0.0,0.0,842.5,0.0
134,2017-01-16 00:00:00,0.0,0.0,0.0,839.15,0.0
135,2017-01-17 00:00:00,0.0,0.0,0.0,837.1,0.0
136,2017-01-18 00:00:00,0.0,0.0,0.0,852.4,0.0
137,2017-01-19 00:00:00,0.0,0.0,0.0,865.25,0.0
138,2017-01-20 00:00:00,0.0,0.0,0.0,851.05,0.0
139,2017-01-23 00:00:00,0.0,0.0,0.0,864.1,0.0
140,2017-01-24 00:00:00,0.0,0.0,0.0,875.65,0.0
141,2017-01-25 00:00:00,0.0,0.0,0.0,874.65,0.0
142,2017-01-27 00:00:00,0.0,0.0,0.0,873.15,0.0
143,2017-01-30 00:00:00,0.0,0.0,0.0,872.35,0.0
144,2017-01-31 00:00:00,0.0,0.0,0.0,854.35,0.0
145,2017-02-01 00:00:00,0.0,0.0,0.0,884.45,0.0
146,2017-02-02 00:00:00,0.0,0.0,0.0,872.35,0.0
147,2017-02-03 00:00:00,0.0,0.0,0.0,873.4,0.0
148,2017-02-06 00:00:00,0.0,0.0,0.0,906.3,0.0
149,2017-02-07 00:00:00,0.0,0.0,0.0,930.7,0.0
150,2017-02-08 00:00:00,0.0,0.0,0.0,921.15,0.0
151,2017-02-09 00:00:00,0.0,0.0,0.0,921.4,0.0
152,2017-02-10 00:00:00,0.0,0.0,0.0,919.65,0.0
153,2017-02-13 00:00:00,0.0,0.0,0.0,921.6,0.0
154,2017-02-14 00:00:00,0.0,0.0,0.0,916.25,0.0
155,2017-02-15 00:00:00,0.0,0.0,0.0,914.3,0.0
156,2017-02-16 00:00:00,0.0,0.0,0.0,900.9,0.0
157,2017-02-17 00:00:00,0.0,0.0,0.0,861.45,0.0
158,2017-02-20 00:00:00,0.0,0.0,0.0,871.95,0.0
159,2017-02-21 00:00:00,0.0,0.0,0.0,881.55,0.0
160,2017-02-22 00:00:00,0.0,0.0,0.0,874.35,0.0
161,2017-02-23 00:00:00,0.0,0.0,0.0,863.55,0.0
162,2017-02-27 00:00:00,0.0,0.0,0.0,876.85,0.0
163,2017-02-28 00:00:00,0.0,0.0,0.0,873.85,0.0
164,2017-03-01 00:00:00,0.0,0.0,0.0,873.55,0.0
165,2017-03-02 00:00:00,0.0,0.0,0.0,879.9,0.0
166,2017-03-03 00:00:00,0.0,0.0,0.0,864.1,0.0
167,2017-03-06 00:00:00,0.0,0.0,0.0,849.65,0.0
168,2017-03-07 00:00:00,0.0,0.0,0.0,858.55,0.0
169,2017-03-08 00:00:00,0.0,0.0,0.0,856.45,0.0
170,2017-03-09 00:00:00,0.0,0.0,0.0,853.3,0.0
171,2017-03-10 00:00:00,0.0,0.0,0.0,850.45,0.0
172,2017-03-14 00:00:00,0.0,0.0,0.0,855.25,0.0
173,2017-03-15 00:00:00,0.0,0.0,0.0,849.65,0.0
174,2017-03-16 00:00:00,0.0,0.0,0.0,846.8,0.0
175,2017-03-17 00:00:00,0.0,0.0,0.0,859.8,0.0
176,2017-03-20 00:00:00,0.0,0.0,0.0,883.25,0.0
177,2017-03-21 00:00:00,0.0,0.0,0.0,901.55,0.0
178,2017-03-22 00:00:00,0.0,0.0,0.0,893.45,0.0
179,2017-03-23 00:00:00,0.0,0.0,0.0,891.45,0.0
180,2017-03-24 00:00:00,0.0,0.0,0.0,891.6,0.0
181,2017-03-27 00:00:00,0.0,0.0,0.0,896.2,0.0
182,2017-03-28 00:00:00,0.0,0.0,0.0,899.05,0.0
183,2017-03-29 00:00:00,0.0,0.0,0.0,898.9,0.0
184,2017-03-30 00:00:00,0.0,0.0,0.0,895.15,0.0
185,2017-03-31 00:00:00,0.0,0.0,0.0,895.4,0.0
186,2017-04-03 00:00:00,0.0,0.0,0.0,893.9,0.0
187,2017-04-05 00:00:00,0.0,0.0,0.0,884.1,0.0
188,2017-04-06 00:00:00,0.0,0.0,0.0,895.7,0.0
189,2017-04-07 00:00:00,0.0,0.0,0.0,885.0,0.0
190,2017-04-10 00:00:00,0.0,0.0,0.0,899.15,0.0
191,2017-04-11 00:00:00,0.0,0.0,0.0,935.45,0.0
192,2017-04-12 00:00:00,0.0,0.0,0.0,948.0,0.0
193,2017-04-13 00:00:00,0.0,0.0,0.0,950.85,0.0
194,2017-04-17 00:00:00,0.0,0.0,0.0,979.2,0.0
195,2017-04-18 00:00:00,0.0,0.0,0.0,975.7,0.0
196,2017-04-19 00:00:00,0.0,0.0,0.0,1001.3,0.0
197,2017-04-20 00:00:00,0.0,0.0,0.0,1019.9,0.0
198,2017-04-21 00:00:00,0.0,0.0,0.0,1003.6,0.0
199,2017-04-24 00:00:00,0.0,0.0,0.0,1007.25,0.0
200,2017-04-25 00:00:00,0.0,0.0,0.0,1014.35,0.0
201,2017-04-26 00:00:00,0.0,0.0,0.0,1006.3,0.0
202,2017-04-27 00:00:00,0.0,0.0,0.0,1016.2,0.0
203,2017-04-28 00:00:00,0.0,0.0,0.0,1031.2,0.0
204,2017-05-02 00:00:00,0.0,0.0,0.0,1016.0,0.0
205,2017-05-03 00:00:00,0.0,0.0,0.0,1002.75,0.0
206,2017-05-04 00:00:00,0.0,0.0,0.0,1000.35,0.0
207,2017-05-05 00:00:00,0.0,0.0,0.0,993.6,0.0
208,2017-05-08 00:00:00,0.0,0.0,0.0,994.15,0.0
209,2017-05-09 00:00:00,0.0,0.0,0.0,991.8,0.0
210,2017-05-10 00:00:00,0.0,0.0,0.0,1007.95,0.0
211,2017-05-11 00:00:00,0.0,0.0,0.0,1000.5,0.0
212,2017-05-12 00:00:00,0.0,0.0,0.0,980.9,0.0
213,2017-05-15 00:00:00,0.0,0.0,0.0,994.85,0.0
214,2017-05-16 00:00:00,0.0,0.0,0.0,990.4,0.0
215,2017-05-17 00:00:00,0.0,0.0,0.0,1008.25,0.0
216,2017-05-18 00:00:00,0.0,0.0,0.0,978.05,0.0
217,2017-05-19 00:00:00,0.0,0.0,0.0,981.6,0.0
218,2017-05-22 00:00:00,0.0,0.0,0.0,975.1,0.0
219,2017-05-23 00:00:00,0.0,0.0,0.0,950.6,0.0
220,2017-05-24 00:00:00,0.0,0.0,0.0,935.5,0.0
221,2017-05-25 00:00:00,0.0,0.0,0.0,956.15,0.0
222,2017-05-26 00:00:00,0.0,0.0,0.0,956.75,0.0
223,2017-05-29 00:00:00,0.0,0.0,0.0,970.55,0.0
224,2017-05-30 00:00:00,0.0,0.0,0.0,981.0,0.0
225,2017-05-31 00:00:00,0.0,0.0,0.0,966.3,0.0
226,2017-06-01 00:00:00,0.0,0.0,0.0,961.4,0.0
227,2017-06-02 00:00:00,0.0,0.0,0.0,985.85,0.0
228,2017-06-05 00:00:00,0.0,0.0,0.0,984.1,0.0
229,2017-06-06 00:00:00,0.0,0.0,0.0,993.6,0.0
230,2017-06-07 00:00:00,0.0,0.0,0.0,989.75,0.0
231,2017-06-08 00:00:00,0.0,0.0,0.0,988.75,0.0
232,2017-06-09 00:00:00,0.0,0.0,0.0,973.6,0.0
233,2017-06-12 00:00:00,0.0,0.0,0.0,961.5,0.0
234,2017-06-13 00:00:00,0.0,0.0,0.0,963.6,0.0
235,2017-06-14 00:00:00,0.0,0.0,0.0,968.55,0.0
236,2017-06-15 00:00:00,0.0,0.0,0.0,969.75,0.0
237,2017-06-16 00:00:00,0.0,0.0,0.0,978.15,0.0
238,2017-06-19 00:00:00,0.0,0.0,0.0,983.8,0.0
239,2017-06-20 00:00:00,0.0,0.0,0.0,981.2,0.0
240,2017-06-21 00:00:00,0.0,0.0,0.0,994.65,0.0
241,2017-06-22 00:00:00,0.0,0.0,0.0,988.8,0.0
242,2017-06-23 00:00:00,0.0,0.0,0.0,980.45,0.0
243,2017-06-27 00:00:00,0.0,0.0,0.0,964.0,0.0
244,2017-06-28 00:00:00,0.0,0.0,0.0,964.9,0.0
245,2017-06-29 00:00:00,0.0,0.0,0.0,981.45,0.0
246,2017-06-30 00:00:00,0.0,0.0,0.0,988.6,0.0
247,2017-07-03 00:00:00,0.0,0.0,0.0,992.4,0.0
248,2017-07-04 00:00:00,0.0,0.0,0.0,985.25,0.0
249,2017-07-05 00:00:00,0.0,0.0,0.0,981.7,0.0
250,2017-07-06 00:00:00,0.0,0.0,0.0,977.85,0.0
251,2017-07-07 00:00:00,0.0,0.0,0.0,975.45,0.0
252,2017-07-10 00:00:00,0.0,0.0,0.0,978.3,0.0
253,2017-07-11 00:00:00,0.0,0.0,0.0,983.2,0.0
254,2017-07-12 00:00:00,0.0,0.0,0.0,1002.25,0.0
255,2017-07-13 00:00:00,0.0,0.0,0.0,994.35,0.0
256,2017-07-14 00:00:00,0.0,0.0,0.0,987.4,0.0
257,2017-07-17 00:00:00,0.0,0.0,0.0,985.25,0.0
258,2017-07-18 00:00:00,0.0,0.0,0.0,976.2,0.0
259,2017-07-19 00:00:00,0.0,0.0,0.0,976.35,0.0
260,2017-07-20 00:00:00,0.0,0.0,0.0,985.2,0.0
261,2017-07-21 00:00:00,0.0,0.0,0.0,984.0,0.0
262,2017-07-24 00:00:00,0.0,0.0,0.0,984.5,0.0
263,2017-07-25 00:00:00,0.0,0.0,0.0,984.5,0.0
264,2017-07-26 00:00:00,0.0,0.0,0.0,978.5,0.0
265,2017-07-27 00:00:00,0.0,0.0,0.0,978.05,0.0
266,2017-07-28 00:00:00,0.0,0.0,0.0,986.25,0.0
267,2017-07-31 00:00:00,0.0,0.0,0.0,999.3,0.0
268,2017-08-01 00:00:00,0.0,0.0,0.0,996.0,0.0
269,2017-08-02 00:00:00,0.0,0.0,0.0,997.25,0.0
270,2017-08-03 00:00:00,0.0,0.0,0.0,1009.95,0.0
271,2017-08-04 00:00:00,0.0,0.0,0.0,1026.15,0.0
272,2017-08-07 00:00:00,0.0,0.0,0.0,1039.2,0.0
273,2017-08-08 00:00:00,0.0,0.0,0.0,1062.15,0.0
274,2017-08-09 00:00:00,0.0,0.0,0.0,1035.5,0.0
275,2017-08-10 00:00:00,0.0,0.0,0.0,965.8,0.0
276,2017-08-11 00:00:00,0.0,0.0,0.0,985.75,0.0
277,2017-08-14 00:00:00,0.0,0.0,0.0,1033.1,0.0
278,2017-08-16 00:00:00,0.0,0.0,0.0,1037.7,0.0
279,2017-08-17 00:00:00,0.0,0.0,0.0,1035.45,0.0
280,2017-08-18 00:00:00,0.0,0.0,0.0,1040.5,0.0
281,2017-08-21 00:00:00,0.0,0.0,0.0,1030.75,0.0
282,2017-08-22 00:00:00,0.0,0.0,0.0,1012.05,0.0
283,2017-08-23 00:00:00,0.0,0.0,0.0,1023.3,0.0
284,2017-08-24 00:00:00,0.0,0.0,0.0,1022.5,0.0
285,2017-08-28 00:00:00,0.0,0.0,0.0,1026.95,0.0
286,2017-08-29 00:00:00,0.0,0.0,0.0,1012.2,0.0
287,2017-08-30 00:00:00,0.0,0.0,0.0,1038.85,0.0
288,2017-08-31 00:00:00,0.0,0.0,0.0,1043.85,0.0
289,2017-09-01 00:00:00,0.0,0.0,0.0,1051.4,0.0
290,2017-09-04 00:00:00,0.0,0.0,0.0,1056.95,0.0
291,2017-09-05 00:00:00,0.0,0.0,0.0,1077.5,0.0
292,2017-09-06 00:00:00,0.0,0.0,0.0,1109.15,0.0
293,2017-09-07 00:00:00,0.0,0.0,0.0,1127.75,0.0
294,2017-09-08 00:00:00,0.0,0.0,0.0,1128.05,0.0
295,2017-09-11 00:00:00,0.0,0.0,0.0,1148.9,0.0
296,2017-09-12 00:00:00,0.0,0.0,0.0,1179.75,0.0
297,2017-09-13 00:00:00,0.0,0.0,0.0,1150.1,0.0
298,2017-09-14 00:00:00,0.0,0.0,0.0,1138.4,0.0
299,2017-09-15 00:00:00,0.0,0.0,0.0,1115.95,0.0
300,2017-09-18 00:00:00,0.0,0.0,0.0,1117.65,0.0
301,2017-09-19 00:00:00,0.0,0.0,0.0,1124.3,0.0
302,2017-09-20 00:00:00,0.0,0.0,0.0,1118.55,0.0
303,2017-09-21 00:00:00,0.0,0.0,0.0,1116.15,0.0
304,2017-09-22 00:00:00,0.0,0.0,0.0,1083.2,0.0
305,2017-09-25 00:00:00,0.0,0.0,0.0,1077.45,0.0
306,2017-09-26 00:00:00,0.0,0.0,0.0,1083.4,0.0
307,2017-09-27 00:00:00,0.0,0.0,0.0,1062.85,0.0
308,2017-09-28 00:00:00,0.0,0.0,0.0,1084.15,0.0
309,2017-09-29 00:00:00,0.0,0.0,0.0,1094.8,0.0
310,2017-10-03 00:00:00,0.0,0.0,0.0,1082.6,0.0
311,2017-10-04 00:00:00,0.0,0.0,0.0,1096.15,0.0
312,2017-10-05 00:00:00,0.0,0.0,0.0,1091.75,0.0
313,2017-10-06 00:00:00,0.0,0.0,0.0,1129.5,0.0
314,2017-10-09 00:00:00,0.0,0.0,0.0,1149.0,0.0
315,2017-10-10 00:00:00,0.0,0.0,0.0,1166.95,0.0
316,2017-10-11 00:00:00,0.0,0.0,0.0,1142.15,0.0
317,2017-10-12 00:00:00,0.0,0.0,0.0,1179.75,0.0
318,2017-10-13 00:00:00,0.0,0.0,0.0,1168.25,0.0
319,2017-10-16 00:00:00,0.0,0.0,0.0,1166.6,0.0
320,2017-10-17 00:00:00,0.0,0.0,0.0,1163.65,0.0
321,2017-10-18 00:00:00,0.0,0.0,0.0,1198.9,0.0
322,2017-10-19 00:00:00,0.0,0.0,0.0,1196.0,0.0
323,2017-10-23 00:00:00,0.0,0.0,0.0,1227.75,0.0
324,2017-10-24 00:00:00,0.0,0.0,0.0,1207.35,0.0
325,2017-10-25 00:00:00,0.0,0.0,0.0,1184.1,0.0
326,2017-10-26 00:00:00,0.0,0.0,0.0,1180.7,0.0
327,2017-10-27 00:00:00,0.0,0.0,0.0,1213.55,0.0
328,2017-10-30 00:00:00,0.0,0.0,0.0,1218.15,0.0
329,2017-10-31 00:00:00,0.0,0.0,0.0,1202.2,0.0
330,2017-11-01 00:00:00,0.0,0.0,0.0,1253.05,0.0
331,2017-11-02 00:00:00,0.0,0.0,0.0,1252.3,0.0
332,2017-11-03 05:30:00,0.0,0.0,0.0,1259.85,0.0
333,2017-11-06 00:00:00,0.0,0.0,0.0,1279.4,0.0
334,2017-11-07 00:00:00,0.0,0.0,0.0,1256.9,0.0
335,2017-11-08 00:00:00,0.0,0.0,0.0,1223.05,0.0
336,2017-11-09 00:00:00,0.0,0.0,0.0,1156.9,0.0
337,2017-11-10 05:30:00,0.0,0.0,0.0,1126.1,0.0
338,2017-11-13 00:00:00,0.0,0.0,0.0,1103.35,0.0
339,2017-11-14 00:00:00,0.0,0.0,0.0,1114.75,0.0
340,2017-11-15 00:00:00,0.0,0.0,0.0,1115.8,0.0
341,2017-11-16 00:00:00,0.0,0.0,0.0,1087.6,0.0
342,2017-11-17 00:00:00,0.0,0.0,0.0,1075.6,0.0
343,2017-11-20 00:00:00,0.0,0.0,0.0,1066.25,0.0
344,2017-11-21 00:00:00,0.0,0.0,0.0,1113.75,0.0
345,2017-11-22 00:00:00,0.0,0.0,0.0,1097.7,0.0
346,2017-11-23 00:00:00,0.0,0.0,0.0,1089.4,0.0
347,2017-11-24 05:30:00,0.0,0.0,0.0,1103.4,0.0
348,2017-11-27 00:00:00,0.0,0.0,0.0,1104.9,0.0
349,2017-11-28 00:00:00,0.0,0.0,0.0,1122.85,0.0
350,2017-11-29 00:00:00,0.0,0.0,0.0,1115.4,0.0
351,2017-11-30 00:00:00,0.0,0.0,0.0,1108.55,0.0
352,2017-12-01 05:30:00,0.0,0.0,0.0,1095.1,0.0
353,2017-12-04 00:00:00,0.0,0.0,0.0,1116.8,0.0
354,2017-12-05 00:00:00,0.0,0.0,0.0,1103.55,0.0
355,2017-12-06 00:00:00,0.0,0.0,0.0,1101.35,0.0
356,2017-12-07 00:00:00,0.0,0.0,0.0,1145.45,0.0
357,2017-12-08 05:30:00,0.0,0.0,0.0,1146.75,0.0
358,2017-12-11 00:00:00,0.0,0.0,0.0,1133.2,0.0
359,2017-12-12 00:00:00,0.0,0.0,0.0,1121.5,0.0
360,2017-12-13 00:00:00,0.0,0.0,0.0,1110.7,0.0
361,2017-12-14 00:00:00,0.0,0.0,0.0,1096.35,0.0
362,2017-12-15 05:30:00,0.0,0.0,0.0,1103.05,0.0
363,2017-12-18 00:00:00,0.0,0.0,0.0,1115.45,0.0
364,2017-12-19 00:00:00,0.0,0.0,0.0,1133.25,0.0
365,2017-12-20 00:00:00,0.0,0.0,0.0,1114.85,0.0
366,2017-12-21 00:00:00,0.0,0.0,0.0,1120.15,0.0
367,2017-12-22 05:30:00,0.0,0.0,0.0,1118.4,0.0
368,2017-12-26 00:00:00,0.0,0.0,0.0,1114.15,0.0
369,2017-12-27 00:00:00,0.0,0.0,0.0,1106.8,0.0
370,2017-12-28 00:00:00,0.0,0.0,0.0,1087.7,0.0
371,2017-12-29 05:30:00,0.0,0.0,0.0,1094.5,0.0
372,2018-01-01 00:00:00,0.0,0.0,0.0,1117.05,0.0
373,2018-01-02 00:00:00,0.0,0.0,0.0,1095.55,0.0
374,2018-01-03 00:00:00,0.0,0.0,0.0,1098.0,0.0
375,2018-01-04 00:00:00,0.0,0.0,0.0,1091.4,0.0
376,2018-01-05 05:30:00,0.0,0.0,0.0,1098.0,0.0
377,2018-01-08 05:30:00,0.0,0.0,0.0,1097.8,0.0
378,2018-01-09 00:00:00,0.0,0.0,0.0,1104.0,0.0
379,2018-01-10 00:00:00,0.0,0.0,0.0,1094.8,0.0
380,2018-01-11 00:00:00,0.0,0.0,0.0,1095.85,0.0
381,2018-01-12 05:30:00,0.0,0.0,0.0,1100.0,0.0
382,2018-01-15 00:00:00,0.0,0.0,0.0,1098.35,0.0
383,2018-01-16 00:00:00,0.0,0.0,0.0,1082.5,0.0
384,2018-01-17 00:00:00,0.0,0.0,0.0,1064.45,0.0
385,2018-01-18 00:00:00,0.0,0.0,0.0,1051.3,0.0
386,2018-01-19 00:00:00,0.0,0.0,0.0,1044.85,0.0
387,2018-01-22 00:00:00,0.0,0.0,0.0,1044.3,0.0
388,2018-01-23 00:00:00,0.0,0.0,0.0,1054.95,0.0
389,2018-01-24 00:00:00,0.0,0.0,0.0,1057.9,0.0
390,2018-01-25 00:00:00,0.0,0.0,0.0,1036.55,0.0
391,2018-01-29 00:00:00,0.0,0.0,0.0,1027.6,0.0
392,2018-01-30 00:00:00,0.0,0.0,0.0,1017.3,0.0
393,2018-01-31 00:00:00,0.0,0.0,0.0,1021.4,0.0
394,2018-02-01 00:00:00,0.0,0.0,0.0,1008.25,0.0
395,2018-02-02 00:00:00,0.0,0.0,0.0,965.25,0.0
396,2018-02-05 00:00:00,0.0,0.0,0.0,969.45,0.0
397,2018-02-06 00:00:00,0.0,0.0,0.0,941.05,0.0
398,2018-02-07 00:00:00,0.0,0.0,0.0,973.15,0.0
399,2018-02-08 00:00:00,0.0,0.0,0.0,981.25,0.0
400,2018-02-09 00:00:00,0.0,0.0,0.0,971.65,0.0
401,2018-02-12 00:00:00,0.0,0.0,0.0,1029.6,0.0
402,2018-02-14 00:00:00,0.0,0.0,0.0,1043.7,0.0
403,2018-02-15 00:00:00,0.0,0.0,0.0,1037.15,0.0
404,2018-02-16 00:00:00,0.0,0.0,0.0,1021.0,0.0
405,2018-02-19 00:00:00,0.0,0.0,0.0,992.5,0.0
406,2018-02-20 00:00:00,0.0,0.0,0.0,995.65,0.0
407,2018-02-21 00:00:00,0.0,0.0,0.0,993.8,0.0
408,2018-02-22 00:00:00,0.0,0.0,0.0,986.0,0.0
409,2018-02-23 00:00:00,0.0,0.0,0.0,1020.2,0.0
410,2018-02-26 00:00:00,0.0,0.0,0.0,1019.2,0.0
411,2018-02-27 00:00:00,0.0,0.0,0.0,1046.85,0.0
412,2018-02-28 00:00:00,0.0,0.0,0.0,1043.35,0.0
413,2018-03-01 00:00:00,0.0,0.0,0.0,1047.9,0.0
414,2018-03-05 00:00:00,0.0,0.0,0.0,1024.35,0.0
415,2018-03-06 00:00:00,0.0,0.0,0.0,1018.65,0.0
416,2018-03-07 00:00:00,0.0,0.0,0.0,1009.75,0.0
417,2018-03-08 00:00:00,0.0,0.0,0.0,1008.8,0.0
418,2018-03-09 00:00:00,0.0,0.0,0.0,1007.85,0.0
419,2018-03-12 00:00:00,0.0,0.0,0.0,1023.0,0.0
420,2018-03-13 00:00:00,0.0,0.0,0.0,1017.85,0.0
421,2018-03-14 00:00:00,0.0,0.0,0.0,1016.85,0.0
422,2018-03-15 00:00:00,0.0,0.0,0.0,1031.35,0.0
423,2018-03-16 00:00:00,0.0,0.0,0.0,1008.55,0.0
424,2018-03-19 00:00:00,0.0,0.0,0.0,976.85,0.0
425,2018-03-20 00:00:00,0.0,0.0,0.0,978.25,0.0
426,2018-03-21 00:00:00,0.0,0.0,0.0,982.3,0.0
427,2018-03-22 00:00:00,0.0,0.0,0.0,965.4,0.0
428,2018-03-23 00:00:00,0.0,0.0,0.0,964.65,0.0
429,2018-03-26 00:00:00,0.0,0.0,0.0,969.4,0.0
430,2018-03-27 00:00:00,0.0,0.0,0.0,977.25,0.0
431,2018-03-28 00:00:00,0.0,0.0,0.0,958.05,0.0
432,2018-04-02 00:00:00,0.0,0.0,0.0,998.0,0.0
433,2018-04-03 00:00:00,0.0,0.0,0.0,1011.5,0.0
434,2018-04-04 00:00:00,0.0,0.0,0.0,988.4,0.0
435,2018-04-05 00:00:00,0.0,0.0,0.0,1012.15,0.0
436,2018-04-06 00:00:00,0.0,0.0,0.0,1012.8,0.0
437,2018-04-09 00:00:00,0.0,0.0,0.0,978.7,0.0
438,2018-04-10 00:00:00,0.0,0.0,0.0,945.05,0.0
439,2018-04-11 00:00:00,0.0,0.0,0.0,911.85,0.0
440,2018-04-12 00:00:00,0.0,0.0,0.0,918.95,0.0
441,2018-04-13 00:00:00,0.0,0.0,0.0,915.6,0.0
442,2018-04-16 00:00:00,0.0,0.0,0.0,914.3,0.0
443,2018-04-17 00:00:00,0.0,0.0,0.0,893.85,0.0
444,2018-04-18 00:00:00,0.0,0.0,0.0,895.7,0.0
445,2018-04-19 00:00:00,0.0,0.0,0.0,906.85,0.0
446,2018-04-20 00:00:00,0.0,0.0,0.0,907.35,0.0
447,2018-04-23 00:00:00,0.0,0.0,0.0,911.55,0.0
448,2018-04-24 00:00:00,0.0,0.0,0.0,908.7,0.0
449,2018-04-25 00:00:00,0.0,0.0,0.0,898.1,0.0
450,2018-04-26 00:00:00,0.0,0.0,0.0,890.95,0.0
451,2018-04-27 00:00:00,0.0,0.0,0.0,894.8,0.0
452,2018-04-30 00:00:00,0.0,0.0,0.0,889.4,0.0
453,2018-05-02 00:00:00,0.0,0.0,0.0,891.35,0.0
454,2018-05-03 00:00:00,0.0,0.0,0.0,873.4,0.0
455,2018-05-04 00:00:00,0.0,0.0,0.0,867.1,0.0
456,2018-05-07 00:00:00,0.0,0.0,0.0,871.25,0.0
457,2018-05-08 00:00:00,0.0,0.0,0.0,871.45,0.0
458,2018-05-09 00:00:00,0.0,0.0,0.0,868.9,0.0
459,2018-05-10 00:00:00,0.0,0.0,0.0,862.95,0.0
460,2018-05-11 00:00:00,0.0,0.0,0.0,870.9,0.0
461,2018-05-14 00:00:00,0.0,0.0,0.0,872.9,0.0
462,2018-05-15 00:00:00,0.0,0.0,0.0,872.65,0.0
463,2018-05-16 00:00:00,0.0,0.0,0.0,864.3,0.0
464,2018-05-17 00:00:00,0.0,0.0,0.0,869.0,0.0
465,2018-05-18 00:00:00,0.0,0.0,0.0,861.15,0.0
466,2018-05-21 00:00:00,0.0,0.0,0.0,841.8,0.0
467,2018-05-22 00:00:00,0.0,0.0,0.0,791.65,0.0
468,2018-05-23 00:00:00,0.0,0.0,0.0,798.85,0.0
469,2018-05-24 00:00:00,0.0,0.0,0.0,788.65,0.0
470,2018-05-25 00:00:00,0.0,0.0,0.0,790.85,0.0
471,2018-05-28 00:00:00,0.0,0.0,0.0,837.25,0.0
472,2018-05-29 00:00:00,0.0,0.0,0.0,842.4,0.0
473,2018-05-30 00:00:00,0.0,0.0,0.0,836.0,0.0
474,2018-05-31 00:00:00,0.0,0.0,0.0,818.95,0.0
475,2018-06-01 00:00:00,0.0,0.0,0.0,801.05,0.0
476,2018-06-04 00:00:00,0.0,0.0,0.0,810.6,0.0
477,2018-06-05 00:00:00,0.0,0.0,0.0,802.4,0.0
478,2018-06-06 00:00:00,0.0,0.0,0.0,810.25,0.0
479,2018-06-07 00:00:00,0.0,0.0,0.0,826.15,0.0
480,2018-06-08 00:00:00,0.0,0.0,0.0,847.85,0.0
481,2018-06-11 00:00:00,0.0,0.0,0.0,855.4,0.0
482,2018-06-12 00:00:00,0.0,0.0,0.0,837.05,0.0
483,2018-06-13 00:00:00,0.0,0.0,0.0,829.05,0.0
484,2018-06-14 00:00:00,0.0,0.0,0.0,834.75,0.0
485,2018-06-15 00:00:00,0.0,0.0,0.0,833.6,0.0
486,2018-06-18 00:00:00,0.0,0.0,0.0,829.55,0.0
487,2018-06-19 00:00:00,0.0,0.0,0.0,817.9,0.0
488,2018-06-20 00:00:00,0.0,0.0,0.0,828.4,0.0
489,2018-06-21 00:00:00,0.0,0.0,0.0,832.6,0.0
490,2018-06-22 00:00:00,0.0,0.0,0.0,834.1,0.0
491,2018-06-25 00:00:00,0.0,0.0,0.0,824.6,0.0
492,2018-06-26 00:00:00,0.0,0.0,0.0,828.4,0.0
493,2018-06-27 00:00:00,0.0,0.0,0.0,809.05,0.0
494,2018-06-28 00:00:00,0.0,0.0,0.0,799.75,0.0
495,2018-06-29 00:00:00,0.0,0.0,0.0,829.55,0.0
496,2018-07-02 00:00:00,0.0,0.0,0.0,818.8,0.0
497,2018-07-03 00:00:00,0.0,0.0,0.0,823.9,0.0
498,2018-07-04 00:00:00,0.0,0.0,0.0,813.45,0.0
499,2018-07-05 00:00:00,0.0,0.0,0.0,811.55,0.0
500,2018-07-06 00:00:00,0.0,0.0,0.0,809.0,0.0
501,2018-07-09 00:00:00,0.0,0.0,0.0,834.85,0.0
502,2018-07-10 00:00:00,0.0,0.0,0.0,820.3,0.0
503,2018-07-11 00:00:00,0.0,0.0,0.0,813.9,0.0
504,2018-07-12 00:00:00,0.0,0.0,0.0,818.7,0.0
505,2018-07-13 00:00:00,0.0,0.0,0.0,806.8,0.0
506,2018-07-16 00:00:00,0.0,0.0,0.0,810.55,0.0
507,2018-07-17 00:00:00,0.0,0.0,0.0,824.8,0.0
508,2018-07-18 00:00:00,0.0,0.0,0.0,823.6,0.0
509,2018-07-19 00:00:00,0.0,0.0,0.0,818.35,0.0
510,2018-07-20 00:00:00,0.0,0.0,0.0,821.6,0.0
511,2018-07-23 00:00:00,0.0,0.0,0.0,844.7,0.0
512,2018-07-24 00:00:00,0.0,0.0,0.0,851.55,0.0
513,2018-07-25 00:00:00,0.0,0.0,0.0,876.75,0.0
514,2018-07-26 00:00:00,0.0,0.0,0.0,898.15,0.0
515,2018-07-27 00:00:00,0.0,0.0,0.0,891.85,0.0
516,2018-07-30 00:00:00,0.0,0.0,0.0,898.95,0.0
517,2018-07-31 00:00:00,0.0,0.0,0.0,911.8,0.0
518,2018-08-01 00:00:00,0.0,0.0,0.0,946.9,0.0
519,2018-08-02 00:00:00,0.0,0.0,0.0,965.0,0.0
520,2018-08-03 00:00:00,0.0,0.0,0.0,977.35,0.0
521,2018-08-06 00:00:00,0.0,0.0,0.0,968.05,0.0
522,2018-08-07 00:00:00,0.0,0.0,0.0,959.3,0.0
523,2018-08-08 00:00:00,0.0,0.0,0.0,953.45,0.0
524,2018-08-09 00:00:00,0.0,0.0,0.0,949.45,0.0
525,2018-08-10 00:00:00,0.0,0.0,0.0,949.75,0.0
526,2018-08-13 00:00:00,0.0,0.0,0.0,946.45,0.0
527,2018-08-14 00:00:00,0.0,0.0,0.0,941.95,0.0
528,2018-08-16 00:00:00,0.0,0.0,0.0,927.1,0.0
529,2018-08-17 00:00:00,0.0,0.0,0.0,918.55,0.0
530,2018-08-20 00:00:00,0.0,0.0,0.0,922.55,0.0
531,2018-08-21 00:00:00,0.0,0.0,0.0,902.2,0.0
532,2018-08-23 00:00:00,0.0,0.0,0.0,840.7,0.0
533,2018-08-24 00:00:00,0.0,0.0,0.0,844.05,0.0
534,2018-08-27 00:00:00,0.0,0.0,0.0,841.35,0.0
535,2018-08-28 00:00:00,0.0,0.0,0.0,833.45,0.0
536,2018-08-29 00:00:00,0.0,0.0,0.0,838.05,0.0
537,2018-08-30 00:00:00,0.0,0.0,0.0,848.25,0.0
538,2018-08-31 00:00:00,0.0,0.0,0.0,865.75,0.0
539,2018-09-03 00:00:00,0.0,0.0,0.0,871.5,0.0
540,2018-09-04 00:00:00,0.0,0.0,0.0,858.4,0.0
541,2018-09-05 00:00:00,0.0,0.0,0.0,850.6,0.0
542,2018-09-06 00:00:00,0.0,0.0,0.0,853.85,0.0
543,2018-09-07 00:00:00,0.0,0.0,0.0,853.8,0.0
544,2018-09-10 00:00:00,0.0,0.0,0.0,844.9,0.0
545,2018-09-11 00:00:00,0.0,0.0,0.0,832.6,0.0
546,2018-09-12 00:00:00,0.0,0.0,0.0,842.6,0.0
547,2018-09-14 00:00:00,0.0,0.0,0.0,847.55,0.0
548,2018-09-17 00:00:00,0.0,0.0,0.0,845.6,0.0
549,2018-09-18 00:00:00,0.0,0.0,0.0,838.4,0.0
550,2018-09-19 00:00:00,0.0,0.0,0.0,833.95,0.0
551,2018-09-21 00:00:00,0.0,0.0,0.0,825.2,0.0
552,2018-09-24 00:00:00,0.0,0.0,0.0,814.7,0.0
553,2018-09-25 00:00:00,0.0,0.0,0.0,822.4,0.0
554,2018-09-26 00:00:00,0.0,0.0,0.0,831.0,0.0
555,2018-09-27 00:00:00,0.0,0.0,0.0,828.45,0.0
556,2018-09-28 00:00:00,0.0,0.0,0.0,817.15,0.0
557,2018-10-01 00:00:00,0.0,0.0,0.0,810.3,0.0
558,2018-10-03 00:00:00,0.0,0.0,0.0,809.7,0.0
559,2018-10-04 00:00:00,0.0,0.0,0.0,793.85,0.0
560,2018-10-05 00:00:00,0.0,0.0,0.0,779.55,0.0
561,2018-10-08 00:00:00,0.0,0.0,0.0,785.4,0.0
562,2018-10-09 00:00:00,0.0,0.0,0.0,792.15,0.0
563,2018-10-10 00:00:00,0.0,0.0,0.0,786.55,0.0
564,2018-10-11 00:00:00,0.0,0.0,0.0,789.85,0.0
565,2018-10-12 00:00:00,0.0,0.0,0.0,824.55,0.0
566,2018-10-15 00:00:00,0.0,0.0,0.0,828.35,0.0
567,2018-10-16 00:00:00,0.0,0.0,0.0,837.1,0.0
568,2018-10-17 00:00:00,0.0,0.0,0.0,821.15,0.0
569,2018-10-19 00:00:00,0.0,0.0,0.0,828.7,0.0
570,2018-10-22 00:00:00,0.0,0.0,0.0,813.5,0.0
571,2018-10-23 00:00:00,0.0,0.0,0.0,808.1,0.0
572,2018-10-24 00:00:00,0.0,0.0,0.0,815.0,0.0
573,2018-10-25 00:00:00,0.0,0.0,0.0,823.25,0.0
574,2018-10-26 00:00:00,0.0,0.0,0.0,814.6,0.0
575,2018-10-29 00:00:00,0.0,0.0,0.0,819.45,0.0
576,2018-10-30 00:00:00,0.0,0.0,0.0,820.6,0.0
577,2018-10-31 00:00:00,0.0,0.0,0.0,837.25,0.0
578,2018-11-01 00:00:00,0.0,0.0,0.0,845.8,0.0
579,2018-11-02 00:00:00,0.0,0.0,0.0,844.15,0.0
580,2018-11-05 00:00:00,0.0,0.0,0.0,846.05,0.0
581,2018-11-06 00:00:00,0.0,0.0,0.0,841.4,0.0
582,2018-11-07 00:00:00,0.0,0.0,0.0,844.85,0.0
583,2018-11-09 00:00:00,0.0,0.0,0.0,845.05,0.0
584,2018-11-12 00:00:00,0.0,0.0,0.0,858.95,0.0
585,2018-11-13 00:00:00,0.0,0.0,0.0,854.7,0.0
586,2018-11-14 00:00:00,0.0,0.0,0.0,842.1,0.0
587,2018-11-15 00:00:00,0.0,0.0,0.0,855.55,0.0
588,2018-11-16 00:00:00,0.0,0.0,0.0,844.5,0.0
589,2018-11-19 00:00:00,0.0,0.0,0.0,848.9,0.0
590,2018-11-20 00:00:00,0.0,0.0,0.0,863.45,0.0
591,2018-11-21 00:00:00,0.0,0.0,0.0,858.75,0.0
592,2018-11-22 00:00:00,0.0,0.0,0.0,858.35,0.0
593,2018-11-26 00:00:00,0.0,0.0,0.0,840.35,0.0
594,2018-11-27 00:00:00,0.0,0.0,0.0,828.3,0.0
595,2018-11-28 00:00:00,0.0,0.0,0.0,820.0,0.0
596,2018-11-29 00:00:00,0.0,0.0,0.0,817.8,0.0
597,2018-11-30 00:00:00,0.0,0.0,0.0,832.3,0.0
598,2018-12-03 00:00:00,0.0,0.0,0.0,850.1,0.0
599,2018-12-04 00:00:00,0.0,0.0,0.0,855.5,0.0
600,2018-12-05 00:00:00,0.0,0.0,0.0,866.5,0.0
601,2018-12-06 00:00:00,0.0,0.0,0.0,873.3,0.0
602,2018-12-07 00:00:00,0.0,0.0,0.0,861.0,0.0
603,2018-12-10 00:00:00,0.0,0.0,0.0,853.1,0.0
604,2018-12-11 00:00:00,0.0,0.0,0.0,846.35,0.0
605,2018-12-12 00:00:00,0.0,0.0,0.0,871.95,0.0
606,2018-12-13 00:00:00,0.0,0.0,0.0,873.75,0.0
607,2018-12-14 00:00:00,0.0,0.0,0.0,871.6,0.0
608,2018-12-17 00:00:00,0.0,0.0,0.0,897.5,0.0
609,2018-12-18 00:00:00,0.0,0.0,0.0,888.4,0.0
610,2018-12-19 00:00:00,0.0,0.0,0.0,898.1,0.0
611,2018-12-20 00:00:00,0.0,0.0,0.0,887.65,0.0
612,2018-12-21 00:00:00,0.0,0.0,0.0,882.6,0.0
613,2018-12-24 00:00:00,0.0,0.0,0.0,877.6,0.0
614,2018-12-26 00:00:00,0.0,0.0,0.0,874.8,0.0
615,2018-12-27 00:00:00,0.0,0.0,0.0,895.1,0.0
616,2018-12-28 00:00:00,0.0,0.0,0.0,897.3,0.0
617,2018-12-31 00:00:00,0.0,0.0,0.0,904.4,0.0
618,2019-01-01 00:00:00,0.0,0.0,0.0,912.4,0.0
619,2019-01-02 00:00:00,0.0,0.0,0.0,900.2,0.0
620,2019-01-03 00:00:00,0.0,0.0,0.0,890.85,0.0
621,2019-01-04 00:00:00,0.0,0.0,0.0,898.4,0.0
622,2019-01-07 00:00:00,0.0,0.0,0.0,905.75,0.0
623,2019-01-08 00:00:00,0.0,0.0,0.0,903.95,0.0
624,2019-01-09 00:00:00,0.0,0.0,0.0,897.15,0.0
625,2019-01-10 00:00:00,0.0,0.0,0.0,899.75,0.0
626,2019-01-11 00:00:00,0.0,0.0,0.0,893.4,0.0
627,2019-01-14 00:00:00,0.0,0.0,0.0,885.5,0.0
628,2019-01-15 00:00:00,0.0,0.0,0.0,899.55,0.0
629,2019-01-16 00:00:00,0.0,0.0,0.0,897.85,0.0
630,2019-01-17 00:00:00,0.0,0.0,0.0,899.9,0.0
631,2019-01-18 00:00:00,0.0,0.0,0.0,904.45,0.0
632,2019-01-21 00:00:00,0.0,0.0,0.0,906.6,0.0
633,2019-01-22 00:00:00,0.0,0.0,0.0,906.0,0.0
634,2019-01-23 00:00:00,0.0,0.0,0.0,904.55,0.0
635,2019-01-24 00:00:00,0.0,0.0,0.0,907.35,0.0
636,2019-01-25 00:00:00,0.0,0.0,0.0,907.25,0.0
637,2019-01-28 00:00:00,0.0,0.0,0.0,901.5,0.0
638,2019-01-29 00:00:00,0.0,0.0,0.0,920.1,0.0
639,2019-01-30 00:00:00,0.0,0.0,0.0,911.8,0.0
640,2019-01-31 00:00:00,0.0,0.0,0.0,919.95,0.0
641,2019-02-01 00:00:00,0.0,0.0,0.0,927.45,0.0
642,2019-02-04 00:00:00,0.0,0.0,0.0,940.6,0.0
643,2019-02-05 00:00:00,0.0,0.0,0.0,960.65,0.0
644,2019-02-06 00:00:00,0.0,0.0,0.0,966.05,0.0
645,2019-02-07 00:00:00,0.0,0.0,0.0,937.15,0.0
646,2019-02-08 00:00:00,0.0,0.0,0.0,924.45,0.0
647,2019-02-11 00:00:00,0.0,0.0,0.0,916.4,0.0
648,2019-02-12 00:00:00,0.0,0.0,0.0,873.35,0.0
649,2019-02-13 00:00:00,0.0,0.0,0.0,875.6,0.0
650,2019-02-14 00:00:00,0.0,0.0,0.0,864.25,0.0
651,2019-02-15 00:00:00,0.0,0.0,0.0,862.6,0.0
652,2019-02-18 00:00:00,0.0,0.0,0.0,859.65,0.0
653,2019-02-19 00:00:00,0.0,0.0,0.0,869.45,0.0
654,2019-02-20 00:00:00,0.0,0.0,0.0,864.75,0.0
655,2019-02-21 00:00:00,0.0,0.0,0.0,879.55,0.0
656,2019-02-22 00:00:00,0.0,0.0,0.0,868.45,0.0
657,2019-02-25 00:00:00,0.0,0.0,0.0,876.15,0.0
658,2019-02-26 00:00:00,0.0,0.0,0.0,890.6,0.0
659,2019-02-27 00:00:00,0.0,0.0,0.0,906.1,0.0
660,2019-02-28 00:00:00,0.0,0.0,0.0,899.1,0.0
661,2019-03-01 00:00:00,0.0,0.0,0.0,920.25,0.0
662,2019-03-05 00:00:00,0.0,0.0,0.0,897.95,0.0
663,2019-03-06 00:00:00,0.0,0.0,0.0,889.2,0.0
664,2019-03-07 00:00:00,0.0,0.0,0.0,879.05,0.0
665,2019-03-08 00:00:00,0.0,0.0,0.0,878.45,0.0
666,2019-03-11 00:00:00,0.0,0.0,0.0,891.35,0.0
667,2019-03-12 00:00:00,0.0,0.0,0.0,905.0,0.0
668,2019-03-13 00:00:00,0.0,0.0,0.0,920.9,0.0
669,2019-03-14 00:00:00,0.0,0.0,0.0,928.15,0.0
670,2019-03-15 00:00:00,0.0,0.0,0.0,939.05,0.0
671,2019-03-18 00:00:00,0.0,0.0,0.0,952.45,0.0
672,2019-03-19 00:00:00,0.0,0.0,0.0,978.6,0.0
673,2019-03-20 00:00:00,0.0,0.0,0.0,966.5,0.0
674,2019-03-22 00:00:00,0.0,0.0,0.0,968.65,0.0
675,2019-03-25 00:00:00,0.0,0.0,0.0,972.6,0.0
676,2019-03-26 00:00:00,0.0,0.0,0.0,999.75,0.0
677,2019-03-27 00:00:00,0.0,0.0,0.0,1029.5,0.0
678,2019-03-28 00:00:00,0.0,0.0,0.0,1039.8,0.0
679,2019-03-29 00:00:00,0.0,0.0,0.0,1055.05,0.0
680,2019-04-01 00:00:00,0.0,0.0,0.0,1027.45,0.0
681,2019-04-02 00:00:00,0.0,0.0,0.0,997.25,0.0
682,2019-04-03 00:00:00,0.0,0.0,0.0,996.7,0.0
683,2019-04-04 00:00:00,0.0,0.0,0.0,989.65,0.0
684,2019-04-05 00:00:00,0.0,0.0,0.0,1001.9,0.0
685,2019-04-08 00:00:00,0.0,0.0,0.0,1009.15,0.0
686,2019-04-09 00:00:00,0.0,0.0,0.0,1016.05,0.0
687,2019-04-10 00:00:00,0.0,0.0,0.0,997.4,0.0
688,2019-04-11 00:00:00,0.0,0.0,0.0,1006.65,0.0
689,2019-04-12 00:00:00,0.0,0.0,0.0,1023.05,0.0
690,2019-04-15 00:00:00,0.0,0.0,0.0,1022.15,0.0
691,2019-04-16 00:00:00,0.0,0.0,0.0,1020.4,0.0
692,2019-04-18 00:00:00,0.0,0.0,0.0,1017.45,0.0
693,2019-04-22 00:00:00,0.0,0.0,0.0,989.95,0.0
694,2019-04-23 00:00:00,0.0,0.0,0.0,985.9,0.0
695,2019-04-24 00:00:00,0.0,0.0,0.0,969.65,0.0
696,2019-04-25 00:00:00,0.0,0.0,0.0,967.1,0.0
697,2019-04-26 00:00:00,0.0,0.0,0.0,965.45,0.0
698,2019-04-30 00:00:00,0.0,0.0,0.0,965.9,0.0
699,2019-05-02 00:00:00,0.0,0.0,0.0,956.25,0.0
700,2019-05-03 00:00:00,0.0,0.0,0.0,945.95,0.0
701,2019-05-06 00:00:00,0.0,0.0,0.0,942.9,0.0
702,2019-05-07 00:00:00,0.0,0.0,0.0,947.0,0.0
703,2019-05-08 00:00:00,0.0,0.0,0.0,927.1,0.0
704,2019-05-09 00:00:00,0.0,0.0,0.0,938.45,0.0
705,2019-05-10 00:00:00,0.0,0.0,0.0,889.45,0.0
706,2019-05-13 00:00:00,0.0,0.0,0.0,853.45,0.0
707,2019-05-14 00:00:00,0.0,0.0,0.0,859.8,0.0
708,2019-05-15 00:00:00,0.0,0.0,0.0,845.95,0.0
709,2019-05-16 00:00:00,0.0,0.0,0.0,845.5,0.0
710,2019-05-17 00:00:00,0.0,0.0,0.0,856.9,0.0
711,2019-05-20 00:00:00,0.0,0.0,0.0,875.45,0.0
712,2019-05-21 00:00:00,0.0,0.0,0.0,855.9,0.0
713,2019-05-22 00:00:00,0.0,0.0,0.0,849.25,0.0
714,2019-05-23 00:00:00,0.0,0.0,0.0,876.7,0.0
715,2019-05-24 00:00:00,0.0,0.0,0.0,881.75,0.0
716,2019-05-27 00:00:00,0.0,0.0,0.0,886.5,0.0
717,2019-05-28 00:00:00,0.0,0.0,0.0,876.45,0.0
718,2019-05-29 00:00:00,0.0,0.0,0.0,883.15,0.0
719,2019-05-30 00:00:00,0.0,0.0,0.0,894.2,0.0
720,2019-05-31 00:00:00,0.0,0.0,0.0,892.1,0.0
721,2019-06-03 00:00:00,0.0,0.0,0.0,890.0,0.0
722,2019-06-04 00:00:00,0.0,0.0,0.0,890.2,0.0
723,2019-06-06 00:00:00,0.0,0.0,0.0,874.25,0.0
724,2019-06-07 00:00:00,0.0,0.0,0.0,850.85,0.0
725,2019-06-10 00:00:00,0.0,0.0,0.0,886.8,0.0
726,2019-06-11 00:00:00,0.0,0.0,0.0,879.05,0.0
727,2019-06-12 00:00:00,0.0,0.0,0.0,875.75,0.0
728,2019-06-13 00:00:00,0.0,0.0,0.0,879.65,0.0
729,2019-06-14 00:00:00,0.0,0.0,0.0,873.25,0.0
730,2019-06-17 00:00:00,0.0,0.0,0.0,877.0,0.0
731,2019-06-18 00:00:00,0.0,0.0,0.0,860.75,0.0
732,2019-06-19 00:00:00,0.0,0.0,0.0,859.65,0.0
733,2019-06-20 00:00:00,0.0,0.0,0.0,862.85,0.0
734,2019-06-21 00:00:00,0.0,0.0,0.0,850.15,0.0
735,2019-06-24 00:00:00,0.0,0.0,0.0,827.9,0.0
736,2019-06-25 00:00:00,0.0,0.0,0.0,823.2,0.0
737,2019-06-26 00:00:00,0.0,0.0,0.0,848.75,0.0
738,2019-06-27 00:00:00,0.0,0.0,0.0,861.25,0.0
739,2019-06-28 00:00:00,0.0,0.0,0.0,849.75,0.0
740,2019-07-01 00:00:00,0.0,0.0,0.0,824.8,0.0
741,2019-07-02 00:00:00,0.0,0.0,0.0,824.35,0.0
742,2019-07-03 00:00:00,0.0,0.0,0.0,816.9,0.0
743,2019-07-04 00:00:00,0.0,0.0,0.0,828.3,0.0
744,2019-07-05 00:00:00,0.0,0.0,0.0,808.9,0.0
745,2019-07-08 00:00:00,0.0,0.0,0.0,792.15,0.0
746,2019-07-09 00:00:00,0.0,0.0,0.0,787.15,0.0
747,2019-07-10 00:00:00,0.0,0.0,0.0,790.7,0.0
748,2019-07-11 00:00:00,0.0,0.0,0.0,806.8,0.0
749,2019-07-12 00:00:00,0.0,0.0,0.0,804.85,0.0
750,2019-07-15 00:00:00,0.0,0.0,0.0,794.85,0.0
751,2019-07-16 00:00:00,0.0,0.0,0.0,797.8,0.0
752,2019-07-17 00:00:00,0.0,0.0,0.0,800.2,0.0
753,2019-07-18 00:00:00,0.0,0.0,0.0,792.3,0.0
754,2019-07-19 00:00:00,0.0,0.0,0.0,777.2,0.0
755,2019-07-22 00:00:00,0.0,0.0,0.0,764.25,0.0
756,2019-07-23 00:00:00,0.0,0.0,0.0,774.2,0.0
757,2019-07-24 00:00:00,0.0,0.0,0.0,771.85,0.0
758,2019-07-25 00:00:00,0.0,0.0,0.0,772.8,0.0
759,2019-07-26 00:00:00,0.0,0.0,0.0,778.75,0.0
760,2019-07-29 00:00:00,0.0,0.0,0.0,770.45,0.0
761,2019-07-30 00:00:00,0.0,0.0,0.0,785.8,0.0
762,2019-07-31 00:00:00,0.0,0.0,0.0,808.2,0.0
763,2019-08-01 00:00:00,0.0,0.0,0.0,796.6,0.0
764,2019-08-02 00:00:00,0.0,0.0,0.0,789.7,0.0
765,2019-08-05 00:00:00,0.0,0.0,0.0,805.45,0.0
766,2019-08-06 00:00:00,0.0,0.0,0.0,809.3,0.0
767,2019-08-07 00:00:00,0.0,0.0,0.0,810.5,0.0
768,2019-08-08 00:00:00,0.0,0.0,0.0,821.85,0.0
769,2019-08-09 00:00:00,0.0,0.0,0.0,785.15,0.0
770,2019-08-13 00:00:00,0.0,0.0,0.0,785.9,0.0
771,2019-08-14 00:00:00,0.0,0.0,0.0,801.2,0.0
772,2019-08-16 00:00:00,0.0,0.0,0.0,806.8,0.0
773,2019-08-19 00:00:00,0.0,0.0,0.0,787.0,0.0
774,2019-08-20 00:00:00,0.0,0.0,0.0,848.6,0.0
775,2019-08-21 00:00:00,0.0,0.0,0.0,850.25,0.0
776,2019-08-22 00:00:00,0.0,0.0,0.0,834.1,0.0
777,2019-08-23 00:00:00,0.0,0.0,0.0,846.25,0.0
778,2019-08-26 00:00:00,0.0,0.0,0.0,839.95,0.0
779,2019-08-27 00:00:00,0.0,0.0,0.0,861.15,0.0
780,2019-08-28 00:00:00,0.0,0.0,0.0,855.35,0.0
781,2019-08-29 00:00:00,0.0,0.0,0.0,846.25,0.0
782,2019-08-30 00:00:00,0.0,0.0,0.0,845.25,0.0
783,2019-09-03 00:00:00,0.0,0.0,0.0,829.5,0.0
784,2019-09-04 00:00:00,0.0,0.0,0.0,836.65,0.0
785,2019-09-05 00:00:00,0.0,0.0,0.0,852.45,0.0
786,2019-09-06 00:00:00,0.0,0.0,0.0,846.75,0.0
787,2019-09-09 00:00:00,0.0,0.0,0.0,851.55,0.0
788,2019-09-11 00:00:00,0.0,0.0,0.0,851.8,0.0
789,2019-09-12 00:00:00,0.0,0.0,0.0,840.5,0.0
790,2019-09-13 00:00:00,0.0,0.0,0.0,847.65,0.0
791,2019-09-16 00:00:00,0.0,0.0,0.0,841.4,0.0
792,2019-09-17 00:00:00,0.0,0.0,0.0,832.35,0.0
793,2019-09-18 00:00:00,0.0,0.0,0.0,836.75,0.0
794,2019-09-19 00:00:00,0.0,0.0,0.0,828.8,0.0
795,2019-09-20 00:00:00,0.0,0.0,0.0,892.8,0.0
796,2019-09-23 00:00:00,0.0,0.0,0.0,915.25,0.0
797,2019-09-24 00:00:00,0.0,0.0,0.0,908.45,0.0
798,2019-09-25 00:00:00,0.0,0.0,0.0,902.9,0.0
799,2019-09-26 00:00:00,0.0,0.0,0.0,930.2,0.0
800,2019-09-27 00:00:00,0.0,0.0,0.0,917.25,0.0
801,2019-09-30 00:00:00,0.0,0.0,0.0,911.7,0.0
802,2019-10-01 00:00:00,0.0,0.0,0.0,902.5,0.0
803,2019-10-03 00:00:00,0.0,0.0,0.0,891.35,0.0
804,2019-10-04 00:00:00,0.0,0.0,0.0,878.0,0.0
805,2019-10-07 00:00:00,0.0,0.0,0.0,889.85,0.0
806,2019-10-09 00:00:00,0.0,0.0,0.0,912.5,0.0
807,2019-10-10 00:00:00,0.0,0.0,0.0,917.55,0.0
808,2019-10-11 00:00:00,0.0,0.0,0.0,916.05,0.0
809,2019-10-14 00:00:00,0.0,0.0,0.0,942.4,0.0
810,2019-10-15 00:00:00,0.0,0.0,0.0,949.1,0.0
811,2019-10-16 00:00:00,0.0,0.0,0.0,978.95,0.0
812,2019-10-17 00:00:00,0.0,0.0,0.0,974.85,0.0
813,2019-10-18 00:00:00,0.0,0.0,0.0,966.4,0.0
814,2019-10-22 00:00:00,0.0,0.0,0.0,955.85,0.0
815,2019-10-23 00:00:00,0.0,0.0,0.0,952.85,0.0
816,2019-10-24 00:00:00,0.0,0.0,0.0,947.45,0.0
817,2019-10-25 00:00:00,0.0,0.0,0.0,971.8,0.0
818,2019-10-27 00:00:00,0.0,0.0,0.0,983.15,0.0
819,2019-10-29 00:00:00,0.0,0.0,0.0,985.55,0.0
820,2019-10-30 00:00:00,0.0,0.0,0.0,1004.45,0.0
821,2019-10-31 00:00:00,0.0,0.0,0.0,1019.75,0.0
822,2019-11-01 00:00:00,0.0,0.0,0.0,1009.05,0.0
823,2019-11-04 00:00:00,0.0,0.0,0.0,977.7,0.0
824,2019-11-05 00:00:00,0.0,0.0,0.0,959.7,0.0
825,2019-11-06 00:00:00,0.0,0.0,0.0,976.0,0.0
826,2019-11-07 00:00:00,0.0,0.0,0.0,957.9,0.0
827,2019-11-08 00:00:00,0.0,0.0,0.0,969.6,0.0
828,2019-11-11 00:00:00,0.0,0.0,0.0,969.4,0.0
829,2019-11-13 00:00:00,0.0,0.0,0.0,1003.45,0.0
830,2019-11-14 00:00:00,0.0,0.0,0.0,1030.1,0.0
831,2019-11-15 00:00:00,0.0,0.0,0.0,1001.15,0.0
832,2019-11-18 00:00:00,0.0,0.0,0.0,1028.6,0.0
833,2019-11-19 00:00:00,0.0,0.0,0.0,1044.8,0.0
834,2019-11-20 00:00:00,0.0,0.0,0.0,1035.35,0.0
835,2019-11-21 00:00:00,0.0,0.0,0.0,1042.2,0.0
836,2019-11-22 00:00:00,0.0,0.0,0.0,1018.5,0.0
837,2019-11-25 00:00:00,0.0,0.0,0.0,1035.45,0.0
838,2019-11-26 00:00:00,0.0,0.0,0.0,1026.5,0.0
839,2019-11-27 00:00:00,0.0,0.0,0.0,1038.65,0.0
840,2019-11-28 00:00:00,0.0,0.0,0.0,1043.2,0.0
841,2019-11-29 00:00:00,0.0,0.0,0.0,1043.65,0.0
842,2019-12-02 00:00:00,0.0,0.0,0.0,1035.7,0.0
843,2019-12-03 00:00:00,0.0,0.0,0.0,1026.9,0.0
844,2019-12-04 00:00:00,0.0,0.0,0.0,1027.55,0.0
845,2019-12-05 00:00:00,0.0,0.0,0.0,1017.55,0.0
846,2019-12-06 00:00:00,0.0,0.0,0.0,1020.85,0.0
847,2019-12-09 00:00:00,0.0,0.0,0.0,1039.0,0.0
848,2019-12-10 00:00:00,0.0,0.0,0.0,1025.25,0.0
849,2019-12-11 00:00:00,0.0,0.0,0.0,1027.7,0.0
850,2019-12-12 00:00:00,0.0,0.0,0.0,1040.2,0.0
851,2019-12-13 00:00:00,0.0,0.0,0.0,1044.5,0.0
852,2019-12-16 00:00:00,0.0,0.0,0.0,1040.4,0.0
853,2019-12-17 00:00:00,0.0,0.0,0.0,1071.75,0.0
854,2019-12-18 00:00:00,0.0,0.0,0.0,1071.05,0.0
855,2019-12-19 00:00:00,0.0,0.0,0.0,1065.45,0.0
856,2019-12-20 00:00:00,0.0,0.0,0.0,1065.55,0.0
857,2019-12-23 00:00:00,0.0,0.0,0.0,1050.4,0.0
858,2019-12-24 00:00:00,0.0,0.0,0.0,1049.1,0.0
859,2019-12-26 00:00:00,0.0,0.0,0.0,1044.6,0.0
860,2019-12-27 00:00:00,0.0,0.0,0.0,1046.05,0.0
861,2019-12-30 00:00:00,0.0,0.0,0.0,1055.15,0.0
862,2019-12-31 00:00:00,0.0,0.0,0.0,1065.2,0.0
863,2020-01-01 00:00:00,0.0,0.0,0.0,1066.1,0.0
864,2020-01-02 00:00:00,0.0,0.0,0.0,1063.85,0.0
865,2020-01-03 00:00:00,0.0,0.0,0.0,1060.15,0.0
866,2020-01-06 00:00:00,0.0,0.0,0.0,1049.55,0.0
867,2020-01-07 00:00:00,0.0,0.0,0.0,1040.75,0.0
868,2020-01-08 00:00:00,0.0,0.0,0.0,1033.95,0.0
869,2020-01-09 00:00:00,0.0,0.0,0.0,1028.9,0.0
870,2020-01-10 00:00:00,0.0,0.0,0.0,1005.6,0.0
871,2020-01-13 00:00:00,0.0,0.0,0.0,1005.05,0.0
872,2020-01-14 00:00:00,0.0,0.0,0.0,1014.3,0.0
873,2020-01-15 00:00:00,0.0,0.0,0.0,1101.0,0.0
874,2020-01-16 00:00:00,0.0,0.0,0.0,1125.65,0.0
875,2020-01-17 00:00:00,0.0,0.0,0.0,1136.95,0.0
876,2020-01-20 00:00:00,0.0,0.0,0.0,1134.7,0.0
877,2020-01-21 00:00:00,0.0,0.0,0.0,1146.3,0.0
878,2020-01-22 00:00:00,0.0,0.0,0.0,1140.65,0.0
879,2020-01-23 00:00:00,0.0,0.0,0.0,1179.75,0.0
880,2020-01-24 00:00:00,0.0,0.0,0.0,1181.55,0.0
881,2020-01-27 00:00:00,0.0,0.0,0.0,1185.75,0.0
882,2020-01-28 00:00:00,0.0,0.0,0.0,1228.8,0.0
883,2020-01-29 00:00:00,0.0,0.0,0.0,1226.45,0.0
884,2020-01-30 00:00:00,0.0,0.0,0.0,1236.9,0.0
885,2020-01-31 00:00:00,0.0,0.0,0.0,1173.55,0.0
886,2020-02-01 00:00:00,0.0,0.0,0.0,1162.55,0.0
887,2020-02-03 00:00:00,0.0,0.0,0.0,1165.05,0.0
888,2020-02-04 00:00:00,0.0,0.0,0.0,1199.85,0.0
889,2020-02-05 00:00:00,0.0,0.0,0.0,1191.65,0.0
890,2020-02-06 00:00:00,0.0,0.0,0.0,1190.9,0.0
891,2020-02-07 00:00:00,0.0,0.0,0.0,1198.5,0.0
892,2020-02-10 00:00:00,0.0,0.0,0.0,1195.45,0.0
893,2020-02-11 00:00:00,0.0,0.0,0.0,1174.15,0.0
894,2020-02-12 00:00:00,0.0,0.0,0.0,1224.3,0.0
895,2020-02-13 00:00:00,0.0,0.0,0.0,1191.1,0.0
896,2020-02-14 00:00:00,0.0,0.0,0.0,1160.95,0.0
897,2020-02-17 00:00:00,0.0,0.0,0.0,1134.2,0.0
898,2020-02-18 00:00:00,0.0,0.0,0.0,1138.0,0.0
899,2020-02-19 00:00:00,0.0,0.0,0.0,1137.75,0.0
900,2020-02-20 00:00:00,0.0,0.0,0.0,1127.6,0.0
901,2020-02-24 00:00:00,0.0,0.0,0.0,1101.5,0.0
902,2020-02-25 00:00:00,0.0,0.0,0.0,1099.55,0.0
903,2020-02-26 00:00:00,0.0,0.0,0.0,1075.35,0.0
904,2020-02-27 00:00:00,0.0,0.0,0.0,1062.05,0.0
905,2020-02-28 00:00:00,0.0,0.0,0.0,1005.3,0.0
906,2020-03-02 00:00:00,0.0,0.0,0.0,1000.45,0.0
907,2020-03-03 00:00:00,0.0,0.0,0.0,1033.5,0.0
908,2020-03-04 00:00:00,0.0,0.0,0.0,1016.25,0.0
909,2020-03-05 00:00:00,0.0,0.0,0.0,1024.05,0.0
910,2020-03-06 00:00:00,0.0,0.0,0.0,999.0,0.0
911,2020-03-09 00:00:00,0.0,0.0,0.0,963.1,0.0
912,2020-03-11 00:00:00,0.0,0.0,0.0,975.5,0.0
913,2020-03-12 00:00:00,0.0,0.0,0.0,910.25,0.0
914,2020-03-13 00:00:00,0.0,0.0,0.0,939.1,0.0
915,2020-03-16 00:00:00,0.0,0.0,0.0,869.85,0.0
916,2020-03-17 00:00:00,0.0,0.0,0.0,878.0,0.0
917,2020-03-18 00:00:00,0.0,0.0,0.0,746.3,0.0
918,2020-03-19 00:00:00,0.0,0.0,0.0,747.7,0.0
919,2020-03-20 00:00:00,0.0,0.0,0.0,792.85,0.0
920,2020-03-23 00:00:00,0.0,0.0,0.0,699.55,0.0
921,2020-03-24 00:00:00,0.0,0.0,0.0,711.25,0.0
922,2020-03-25 00:00:00,0.0,0.0,0.0,743.7,0.0
923,2020-03-26 00:00:00,0.0,0.0,0.0,861.25,0.0
924,2020-03-27 00:00:00,0.0,0.0,0.0,814.55,0.0
925,2020-03-30 00:00:00,0.0,0.0,0.0,792.15,0.0
926,2020-03-31 00:00:00,0.0,0.0,0.0,818.45,0.0
927,2020-04-01 00:00:00,0.0,0.0,0.0,814.9,0.0
928,2020-04-03 00:00:00,0.0,0.0,0.0,824.5,0.0
929,2020-04-07 00:00:00,0.0,0.0,0.0,859.5,0.0
930,2020-04-08 00:00:00,0.0,0.0,0.0,890.6,0.0
931,2020-04-09 00:00:00,0.0,0.0,0.0,898.45,0.0
932,2020-04-13 00:00:00,0.0,0.0,0.0,949.65,0.0
933,2020-04-15 00:00:00,0.0,0.0,0.0,940.95,0.0
934,2020-04-16 00:00:00,0.0,0.0,0.0,939.45,0.0
935,2020-04-17 00:00:00,0.0,0.0,0.0,947.25,0.0
936,2020-04-20 00:00:00,0.0,0.0,0.0,959.85,0.0
937,2020-04-21 00:00:00,0.0,0.0,0.0,949.55,0.0
938,2020-04-22 00:00:00,0.0,0.0,0.0,932.6,0.0
939,2020-04-23 00:00:00,0.0,0.0,0.0,912.4,0.0
940,2020-04-24 00:00:00,0.0,0.0,0.0,913.05,0.0
941,2020-04-27 00:00:00,0.0,0.0,0.0,925.5,0.0
942,2020-04-28 00:00:00,0.0,0.0,0.0,959.35,0.0
943,2020-04-29 00:00:00,0.0,0.0,0.0,946.2,0.0
944,2020-04-30 00:00:00,0.0,0.0,0.0,972.75,0.0
945,2020-05-04 00:00:00,0.0,0.0,0.0,941.65,0.0
946,2020-05-05 00:00:00,0.0,0.0,0.0,908.65,0.0
947,2020-05-06 00:00:00,0.0,0.0,0.0,894.25,0.0
948,2020-05-07 00:00:00,0.0,0.0,0.0,872.65,0.0
949,2020-05-08 00:00:00,0.0,0.0,0.0,859.45,0.0
950,2020-05-11 00:00:00,0.0,0.0,0.0,900.1,0.0
951,2020-05-12 00:00:00,0.0,0.0,0.0,906.6,0.0
952,2020-05-13 00:00:00,0.0,0.0,0.0,922.1,0.0
953,2020-05-14 00:00:00,0.0,0.0,0.0,902.0,0.0
954,2020-05-15 00:00:00,0.0,0.0,0.0,892.85,0.0
955,2020-05-18 00:00:00,0.0,0.0,0.0,881.7,0.0
956,2020-05-19 00:00:00,0.0,0.0,0.0,888.85,0.0
957,2020-05-20 00:00:00,0.0,0.0,0.0,897.5,0.0
958,2020-05-21 00:00:00,0.0,0.0,0.0,906.95,0.0
959,2020-05-22 00:00:00,0.0,0.0,0.0,894.6,0.0
960,2020-05-26 00:00:00,0.0,0.0,0.0,930.4,0.0
961,2020-05-27 00:00:00,0.0,0.0,0.0,917.7,0.0
962,2020-05-28 00:00:00,0.0,0.0,0.0,924.7,0.0
963,2020-05-29 00:00:00,0.0,0.0,0.0,972.6,0.0
964,2020-06-01 00:00:00,0.0,0.0,0.0,961.9,0.0
965,2020-06-02 00:00:00,0.0,0.0,0.0,966.4,0.0
966,2020-06-03 00:00:00,0.0,0.0,0.0,1013.85,0.0
967,2020-06-04 00:00:00,0.0,0.0,0.0,1024.65,0.0
968,2020-06-05 00:00:00,0.0,0.0,0.0,1012.65,0.0
969,2020-06-08 00:00:00,0.0,0.0,0.0,988.55,0.0
970,2020-06-09 00:00:00,0.0,0.0,0.0,996.85,0.0
971,2020-06-10 00:00:00,0.0,0.0,0.0,993.3,0.0
972,2020-06-11 00:00:00,0.0,0.0,0.0,1036.3,0.0
973,2020-06-12 00:00:00,0.0,0.0,0.0,1074.2,0.0
974,2020-06-15 00:00:00,0.0,0.0,0.0,1069.8,0.0
975,2020-06-16 00:00:00,0.0,0.0,0.0,1048.85,0.0
976,2020-06-17 00:00:00,0.0,0.0,0.0,1045.4,0.0
977,2020-06-18 00:00:00,0.0,0.0,0.0,1082.65,0.0
978,2020-06-19 00:00:00,0.0,0.0,0.0,1075.65,0.0
979,2020-06-22 00:00:00,0.0,0.0,0.0,1053.55,0.0
980,2020-06-23 00:00:00,0.0,0.0,0.0,1058.0,0.0
981,2020-06-24 00:00:00,0.0,0.0,0.0,1062.95,0.0
982,2020-06-25 00:00:00,0.0,0.0,0.0,1069.6,0.0
983,2020-06-26 00:00:00,0.0,0.0,0.0,1077.15,0.0
984,2020-06-29 00:00:00,0.0,0.0,0.0,1043.65,0.0
985,2020-06-30 00:00:00,0.0,0.0,0.0,1052.1,0.0
986,2020-07-01 00:00:00,0.0,0.0,0.0,1050.05,0.0
987,2020-07-02 00:00:00,0.0,0.0,0.0,1047.8,0.0
988,2020-07-03 00:00:00,0.0,0.0,0.0,1071.25,0.0
989,2020-07-06 00:00:00,0.0,0.0,0.0,1073.55,0.0
990,2020-07-07 00:00:00,0.0,0.0,0.0,1028.55,0.0
991,2020-07-08 00:00:00,0.0,0.0,0.0,1007.35,0.0
992,2020-07-09 00:00:00,0.0,0.0,0.0,1012.0,0.0
993,2020-07-10 00:00:00,0.0,0.0,0.0,969.95,0.0
994,2020-07-13 00:00:00,0.0,0.0,0.0,969.95,0.0
995,2020-07-14 00:00:00,0.0,0.0,0.0,989.5,0.0
996,2020-07-15 00:00:00,0.0,0.0,0.0,980.4,0.0
997,2020-07-16 00:00:00,0.0,0.0,0.0,982.15,0.0
998,2020-07-17 00:00:00,0.0,0.0,0.0,993.9,0.0
999,2020-07-20 00:00:00,0.0,0.0,0.0,1006.65,0.0
1000,2020-07-21 00:00:00,0.0,0.0,0.0,1001.65,0.0
1001,2020-07-22 00:00:00,0.0,0.0,0.0,1003.25,0.0
1002,2020-07-23 00:00:00,0.0,0.0,0.0,1028.05,0.0
1003,2020-07-24 00:00:00,0.0,0.0,0.0,1027.9,0.0
1004,2020-07-27 00:00:00,0.0,0.0,0.0,1001.9,0.0
1005,2020-07-28 00:00:00,0.0,0.0,0.0,999.5,0.0
1006,2020-07-29 00:00:00,0.0,0.0,0.0,1005.85,0.0
1007,2020-07-30 00:00:00,0.0,0.0,0.0,987.1,0.0
1008,2020-07-31 00:00:00,0.0,0.0,0.0,974.45,0.0
1009,2020-08-03 00:00:00,0.0,0.0,0.0,972.3,0.0
1010,2020-08-04 00:00:00,0.0,0.0,0.0,969.55,0.0
1011,2020-08-05 00:00:00,0.0,0.0,0.0,987.25,0.0
1012,2020-08-06 00:00:00,0.0,0.0,0.0,984.35,0.0
1013,2020-08-07 00:00:00,0.0,0.0,0.0,969.0,0.0
1014,2020-08-10 00:00:00,0.0,0.0,0.0,967.9,0.0
1015,2020-08-11 00:00:00,0.0,0.0,0.0,971.25,0.0
1016,2020-08-12 00:00:00,0.0,0.0,0.0,981.65,0.0
1017,2020-08-13 00:00:00,0.0,0.0,0.0,983.95,0.0
1018,2020-08-14 00:00:00,0.0,0.0,0.0,971.85,0.0
1019,2020-08-17 00:00:00,0.0,0.0,0.0,957.7,0.0
1020,2020-08-18 00:00:00,0.0,0.0,0.0,970.6,0.0
1021,2020-08-19 00:00:00,0.0,0.0,0.0,969.1,0.0
1022,2020-08-20 00:00:00,0.0,0.0,0.0,1012.25,0.0
1023,2020-08-21 00:00:00,0.0,0.0,0.0,1043.1,0.0
1024,2020-08-24 00:00:00,0.0,0.0,0.0,1060.05,0.0
1025,2020-08-25 00:00:00,0.0,0.0,0.0,1038.6,0.0
1026,2020-08-26 00:00:00,0.0,0.0,0.0,1015.1,0.0
1027,2020-08-27 00:00:00,0.0,0.0,0.0,992.8,0.0
1028,2020-08-28 00:00:00,0.0,0.0,0.0,992.25,0.0
1029,2020-08-31 00:00:00,0.0,0.0,0.0,952.0,0.0
1030,2020-09-01 00:00:00,0.0,0.0,0.0,905.85,0.0
1031,2020-09-02 00:00:00,0.0,0.0,0.0,913.55,0.0
1032,2020-09-03 00:00:00,0.0,0.0,0.0,926.25,0.0
1033,2020-09-04 00:00:00,0.0,0.0,0.0,912.4,0.0
1034,2020-09-07 00:00:00,0.0,0.0,0.0,904.15,0.0
1035,2020-09-08 00:00:00,0.0,0.0,0.0,890.6,0.0
1036,2020-09-09 00:00:00,0.0,0.0,0.0,894.25,0.0
1037,2020-09-10 00:00:00,0.0,0.0,0.0,896.4,0.0
1038,2020-09-11 00:00:00,0.0,0.0,0.0,906.1,0.0
1039,2020-09-14 00:00:00,0.0,0.0,0.0,929.75,0.0
1040,2020-09-15 00:00:00,0.0,0.0,0.0,936.55,0.0
1041,2020-09-16 00:00:00,0.0,0.0,0.0,909.3,0.0
1042,2020-09-17 00:00:00,0.0,0.0,0.0,911.7,0.0
1043,2020-09-18 00:00:00,0.0,0.0,0.0,919.15,0.0
1044,2020-09-21 00:00:00,0.0,0.0,0.0,886.4,0.0
1045,2020-09-22 00:00:00,0.0,0.0,0.0,851.3,0.0
1046,2020-09-23 00:00:00,0.0,0.0,0.0,842.9,0.0
1047,2020-09-24 00:00:00,0.0,0.0,0.0,818.05,0.0
1048,2020-09-25 00:00:00,0.0,0.0,0.0,821.3,0.0
1049,2020-09-28 00:00:00,0.0,0.0,0.0,849.7,0.0
1050,2020-09-29 00:00:00,0.0,0.0,0.0,836.0,0.0
1051,2020-09-30 00:00:00,0.0,0.0,0.0,830.05,0.0
1052,2020-10-01 00:00:00,0.0,0.0,0.0,864.05,0.0
1053,2020-10-05 00:00:00,0.0,0.0,0.0,854.35,0.0
1054,2020-10-06 00:00:00,0.0,0.0,0.0,857.9,0.0
1055,2020-10-07 00:00:00,0.0,0.0,0.0,828.8,0.0
1056,2020-10-08 00:00:00,0.0,0.0,0.0,837.9,0.0
1057,2020-10-09 00:00:00,0.0,0.0,0.0,823.95,0.0
1058,2020-10-12 00:00:00,0.0,0.0,0.0,810.1,0.0
1059,2020-10-13 00:00:00,0.0,0.0,0.0,787.95,0.0
1060,2020-10-14 00:00:00,0.0,0.0,0.0,792.7,0.0
1061,2020-10-15 00:00:00,0.0,0.0,0.0,814.6,0.0
1062,2020-10-16 00:00:00,0.0,0.0,0.0,820.85,0.0
1063,2020-10-19 00:00:00,0.0,0.0,0.0,826.55,0.0
1064,2020-10-20 00:00:00,0.0,0.0,0.0,829.5,0.0
1065,2020-10-21 00:00:00,0.0,0.0,0.0,821.8,0.0
1066,2020-10-22 00:00:00,0.0,0.0,0.0,828.55,0.0
1067,2020-10-23 00:00:00,0.0,0.0,0.0,821.15,0.0
1068,2020-10-26 00:00:00,0.0,0.0,0.0,819.95,0.0
1069,2020-10-27 00:00:00,0.0,0.0,0.0,842.25,0.0
1070,2020-10-28 00:00:00,0.0,0.0,0.0,821.05,0.0
1071,2020-10-29 00:00:00,0.0,0.0,0.0,813.2,0.0
1072,2020-10-30 00:00:00,0.0,0.0,0.0,814.9,0.0
1073,2020-11-02 00:00:00,0.0,0.0,0.0,816.05,0.0
1074,2020-11-03 00:00:00,0.0,0.0,0.0,814.6,0.0
1075,2020-11-04 00:00:00,0.0,0.0,0.0,820.3,0.0
1076,2020-11-05 00:00:00,0.0,0.0,0.0,842.0,0.0
1077,2020-11-06 00:00:00,0.0,0.0,0.0,837.6,0.0
1078,2020-11-09 00:00:00,0.0,0.0,0.0,845.45,0.0
1079,2020-11-10 00:00:00,0.0,0.0,0.0,852.55,0.0
1080,2020-11-11 00:00:00,0.0,0.0,0.0,872.35,0.0
1081,2020-11-12 00:00:00,0.0,0.0,0.0,878.8,0.0
1082,2020-11-13 00:00:00,0.0,0.0,0.0,859.95,0.0
1083,2020-11-14 00:00:00,0.0,0.0,0.0,863.2,0.0
1084,2020-11-17 00:00:00,0.0,0.0,0.0,869.9,0.0
1085,2020-11-18 00:00:00,0.0,0.0,0.0,905.1,0.0
1086,2020-11-19 00:00:00,0.0,0.0,0.0,921.3,0.0
1087,2020-11-20 00:00:00,0.0,0.0,0.0,931.45,0.0
1088,2020-11-23 00:00:00,0.0,0.0,0.0,942.75,0.0
1089,2020-11-24 00:00:00,0.0,0.0,0.0,940.5,0.0
1090,2020-11-25 00:00:00,0.0,0.0,0.0,930.5,0.0
1091,2020-11-26 00:00:00,0.0,0.0,0.0,929.05,0.0
1092,2020-11-27 00:00:00,0.0,0.0,0.0,1063.9,0.0
1093,2020-12-01 00:00:00,0.0,0.0,0.0,1059.35,0.0
1094,2020-12-02 00:00:00,0.0,0.0,0.0,1040.25,0.0
1095,2020-12-03 00:00:00,0.0,0.0,0.0,1041.15,0.0
1096,2020-12-04 00:00:00,0.0,0.0,0.0,1037.55,0.0
1097,2020-12-07 00:00:00,0.0,0.0,0.0,1041.05,0.0
1098,2020-12-08 00:00:00,0.0,0.0,0.0,1037.9,0.0
1099,2020-12-09 00:00:00,0.0,0.0,0.0,1038.35,0.0
1100,2020-12-10 00:00:00,0.0,0.0,0.0,1037.75,0.0
1101,2020-12-11 00:00:00,0.0,0.0,0.0,1059.2,0.0
1102,2020-12-14 00:00:00,0.0,0.0,0.0,1076.25,0.0
1103,2020-12-15 00:00:00,0.0,0.0,0.0,1055.55,0.0
1104,2020-12-16 00:00:00,0.0,0.0,0.0,1062.6,0.0
1105,2020-12-17 00:00:00,0.0,0.0,0.0,1042.45,0.0
1106,2020-12-18 00:00:00,0.0,0.0,0.0,1042.7,0.0
1107,2020-12-21 00:00:00,0.0,0.0,0.0,1015.2,0.0
1108,2020-12-22 00:00:00,0.0,0.0,0.0,1046.65,0.0
1109,2020-12-23 00:00:00,0.0,0.0,0.0,1056.35,0.0
1110,2020-12-24 00:00:00,0.0,0.0,0.0,1051.0,0.0
1111,2020-12-28 00:00:00,0.0,0.0,0.0,1052.45,0.0
1112,2020-12-29 00:00:00,0.0,0.0,0.0,1082.6,0.0
1113,2020-12-30 00:00:00,0.0,0.0,0.0,1070.4,0.0
1114,2020-12-31 00:00:00,0.0,0.0,0.0,1061.2,0.0
1115,2021-01-01 00:00:00,0.0,0.0,0.0,1059.95,0.0
1116,2021-01-04 00:00:00,0.0,0.0,0.0,1083.35,0.0
1117,2021-01-05 00:00:00,0.0,0.0,0.0,1096.45,0.0
1118,2021-01-06 00:00:00,0.0,0.0,0.0,1129.5,0.0
1119,2021-01-07 00:00:00,0.0,0.0,0.0,1117.1,0.0
1120,2021-01-08 00:00:00,0.0,0.0,0.0,1116.55,0.0
1121,2021-01-11 00:00:00,0.0,0.0,0.0,1126.15,0.0
1122,2021-01-12 00:00:00,0.0,0.0,0.0,1126.65,0.0
1123,2021-01-13 00:00:00,0.0,0.0,0.0,1113.9,0.0
1124,2021-01-14 00:00:00,0.0,0.0,0.0,1110.5,0.0
1125,2021-01-15 00:00:00,0.0,0.0,0.0,1090.8,0.0
1126,2021-01-18 00:00:00,0.0,0.0,0.0,1045.65,0.0
1127,2021-01-19 00:00:00,0.0,0.0,0.0,1077.9,0.0
1128,2021-01-20 00:00:00,0.0,0.0,0.0,1085.1,0.0
1129,2021-01-21 00:00:00,0.0,0.0,0.0,1041.7,0.0
1130,2021-01-22 00:00:00,0.0,0.0,0.0,1041.05,0.0
1131,2021-01-25 00:00:00,0.0,0.0,0.0,1052.3,0.0
1132,2021-01-27 00:00:00,0.0,0.0,0.0,1043.6,0.0
1133,2021-01-28 00:00:00,0.0,0.0,0.0,1055.7,0.0
1134,2021-01-29 00:00:00,0.0,0.0,0.0,1035.1,0.0
1135,2021-02-01 00:00:00,1035.1,1074.0,1022.45,1069.4,608562.0
1136,2021-02-02 00:00:00,1075.15,1086.0,1061.2,1080.95,614642.0
1137,2021-02-03 00:00:00,1080.95,1098.95,1075.0,1084.55,400019.0
1138,2021-02-04 00:00:00,1083.0,1105.0,1076.4,1101.25,530156.0
1139,2021-02-05 00:00:00,1108.0,1121.0,1075.1,1083.0,556310.0
1140,2021-02-08 00:00:00,1090.0,1114.1,1090.0,1110.5,541994.0
1141,2021-02-09 00:00:00,1117.0,1154.65,1103.75,1140.05,1483268.0
1142,2021-02-10 00:00:00,1154.8,1154.8,1098.85,1128.55,1510652.0
1143,2021-02-11 00:00:00,1128.0,1184.7,1124.0,1163.65,2075301.0
1144,2021-02-12 00:00:00,1163.0,1178.2,1132.55,1140.55,789522.0
1145,2021-02-15 00:00:00,1141.1,1145.55,1125.0,1128.85,314625.0
1146,2021-02-16 00:00:00,1129.0,1149.95,1127.0,1145.25,561526.0
1147,2021-02-17 00:00:00,1150.0,1157.9,1129.15,1150.85,527046.0
1148,2021-02-18 00:00:00,1159.0,1234.0,1148.25,1164.7,4096352.0
1149,2021-02-19 00:00:00,1168.0,1206.0,1164.55,1183.05,1523367.0
1150,2021-02-22 00:00:00,1170.0,1179.7,1144.4,1150.35,593322.0
1151,2021-02-23 00:00:00,1152.25,1165.3,1123.2,1129.05,509328.0
1152,2021-02-24 00:00:00,1140.0,1155.0,1121.0,1133.6,221354.0
1153,2021-02-25 00:00:00,1143.0,1207.0,1133.6,1197.7,1251626.0
1154,2021-02-26 00:00:00,1168.2,1204.05,1152.0,1158.4,644317.0
1155,2021-03-01 00:00:00,1161.0,1171.55,1141.7,1158.55,386954.0
1156,2021-03-02 00:00:00,1163.0,1202.4,1161.05,1184.2,593277.0
1157,2021-03-03 00:00:00,1184.25,1214.9,1177.2,1181.65,496604.0
1158,2021-03-04 00:00:00,1181.0,1218.9,1175.0,1201.2,457325.0
1159,2021-03-05 00:00:00,1197.0,1257.0,1194.65,1219.05,2290987.0
1160,2021-03-08 00:00:00,1229.9,1238.0,1200.35,1204.6,638805.0
1161,2021-03-09 00:00:00,1207.95,1214.95,1171.15,1180.0,421480.0
1162,2021-03-10 00:00:00,1180.95,1197.3,1161.5,1169.15,447343.0
1163,2021-03-12 00:00:00,1185.0,1218.5,1175.3,1208.1,1239058.0
1164,2021-03-15 00:00:00,1202.3,1226.4,1182.0,1223.35,733114.0
1165,2021-03-16 00:00:00,1222.75,1230.0,1183.0,1188.5,475352.0
1166,2021-03-17 00:00:00,1190.0,1206.45,1141.9,1145.25,390186.0
1167,2021-03-18 00:00:00,1151.3,1183.55,1106.3,1117.5,834244.0
1168,2021-03-19 00:00:00,1119.0,1120.4,1078.0,1112.7,615891.0
1169,2021-03-22 00:00:00,1122.4,1138.95,1112.8,1123.6,404991.0
1170,2021-03-23 00:00:00,1126.0,1164.5,1125.25,1160.45,621779.0
1171,2021-03-24 00:00:00,1157.7,1179.9,1143.05,1160.95,655534.0
1172,2021-03-25 00:00:00,1170.0,1170.0,1130.6,1141.1,636618.0
1173,2021-03-26 00:00:00,1160.0,1167.0,1124.25,1136.55,470938.0
1174,2021-03-30 00:00:00,1137.05,1164.85,1137.05,1160.8,257210.0
1175,2021-03-31 00:00:00,1165.0,1199.9,1160.95,1168.95,593455.0
1176,2021-04-01 00:00:00,1183.05,1193.9,1157.1,1181.5,454224.0
1177,2021-04-05 00:00:00,1180.0,1180.0,1115.0,1134.55,555399.0
1178,2021-04-06 00:00:00,1135.0,1143.2,1090.0,1093.8,856911.0
1179,2021-04-07 00:00:00,1096.95,1130.0,1094.55,1122.85,651207.0
1180,2021-04-08 00:00:00,1124.9,1143.0,1112.2,1131.25,633745.0
1181,2021-04-09 00:00:00,1135.95,1144.95,1116.05,1135.9,536215.0
1182,2021-04-12 00:00:00,1126.0,1126.55,1075.0,1080.85,730986.0
1183,2021-04-13 00:00:00,1075.0,1103.15,1063.35,1094.2,700497.0
1184,2021-04-15 00:00:00,1094.1,1117.75,1074.05,1083.65,561205.0
1185,2021-04-16 00:00:00,1089.5,1107.0,1080.1,1103.65,288518.0
1186,2021-04-19 00:00:00,1070.5,1085.0,1055.3,1081.65,199869.0
